タイトル,NOTES,PEAK,SCRATCH,SOF-LAN,CHARGE,CHORD,ノート数
Rave*it!! Rave*it!!,147.87,187.52,108.46,0,57.31,200.01,1656
Despair of ELFERIA,161.18,136.84,38.7,0,0,183.88,2096
PLASMA SOUL NIGHT feat. Nana Takahashi / 709sec.,175.18,128.94,98.05,0,0,183.48,2271
GO OVER WITH GLARE -ROOTAGE 26-,157.67,175,52.31,0,52.03,179.54,2000
Triple Counter,151.99,150,52.74,0,92.3,178.38,2016
Dynamite,151.31,142.11,160.01,0,121.4,177.07,1953
BITTER CHOCOLATE STRIKER,145.79,132.88,68.31,0,0,176.55,1990
Elemental Creation,161.57,153.56,58.1,0,0,174.37,2130
がっつり陰キャ!? 怪盗いいんちょの億劫^^;,179.47,151.77,103.79,0,0,170.89,2192
Chrono Diver -PENDULUMs-,174.77,155.34,27.56,0,0,169.94,2222
LIVE DRIVING!! feat. 花たん,151.07,121.04,84.81,0,0,168.71,1947
逆月,156.74,143.42,52.96,0,118.95,168.08,1920
BLUE DRAGON(雷龍RemixIIDX),142.6,142.09,106.93,0,19.36,165.55,1727
Red. by Jack Trance,150.24,139.47,185.74,0,1.86,165.5,1862
X-DEN,176.45,178.58,117.54,0,20.31,164.82,2220
Initiation,156.76,155.34,20.38,0,130.8,164.52,2018
世界の果てに約束の凱歌を -ReUnion-,155.65,151.77,52.64,0,53.97,164.38,1983
煉獄のエルフェリア,155.6,166.06,53.3,0,0,163.92,2000
THE BRAVE MUST DIE,156.97,138.16,46.88,0,93.93,163.8,2075
examination leave,150.73,115.77,29.5,0,0,163.37,1712
Say YEEEAHH,134.02,134.2,36.67,0,0,162.63,1677
VOX UP,144.88,150.01,131.56,0,0,160.39,0
嘆きの樹,155.5,167.86,48.17,0,0,160.22,2000
〆,144.01,135.51,114.05,0,10.29,159.69,0
AKASHIC BREAK,151.11,121.04,101.91,0,0,158.83,1823
G59,154.23,142.1,42.15,0,0,158.71,0
Super Rush,139.01,135.52,97.82,0,70.74,158.32,0
Smashing Wedge,158.97,151.79,103.18,0,0.92,158.31,1957
EMERALDAS,156.29,167.85,104.4,113.61,150.38,158.02,1833
DEATH†ZIGOQ ～怒りの高速爆走野郎～,176.3,162.5,91.25,0,19.85,157.72,2075
ALTERNATOR,153.25,151.78,117.85,0,100,157.51,1907
Thunderbolt,152.8,123.68,74.59,0,0,156.99,0
3y3s,145.98,185.69,115.27,0,0,156.5,1871
DARK LEGACY,142.08,142.09,39.63,0,0,155.63,0
mosaic,143.07,134.21,93.94,0,0,155.5,0
RAGE feat.H14 of LEONAIR,151.32,136.84,185.19,0,72.49,154.65,1886
voltississimo,158.31,155.34,77.65,0,91.7,154.3,1888
We're so Happy (P*Light Remix) IIDX ver.,153.98,138.15,103.83,0,0,153.93,0
Sky High,155.1,142.1,29.65,0,0,152.69,0
BEAT PRISONER,155.55,169.63,79.95,0,182.03,152.54,1844
BLACK.by X-Cross Fade,147.89,128.93,189.77,0,0,152.48,1738
Zirkfied,149.39,189.27,38.15,0,0,152.29,1968
シュレーディンガーの猫,151.59,130.26,29.58,0,0,151.85,0
神謳 -RESONANCE-,154.27,134.2,34.05,0,0,151.6,0
FUZIN RIZIN,152.13,121.05,53.43,0,0,151.42,0
バッド・スイーツ、バッド・ドリーム,145.79,126.3,153.13,0,124.49,151.27,0
ディスコルディア,165.71,185.72,47.84,100.12,187.21,151.01,2073
rommmo,143.94,126.3,66.05,0,0,150.85,0
抱きしめてモナムール,154.41,127.63,58.14,0,32.63,150.37,0
Rampage,130.2,138.14,91.17,0,18.24,150.13,0
GENE,154.54,132.89,29.4,0,0,149.96,0
Boomy and The Boost,142.61,128.94,111.04,0,49.91,149.8,0
"Life Is A Game ft.DD""ナカタ""Metal",140,150,54,0,0,149.35,0
VOLAQUAS,151.86,139.46,55.82,0,18.58,149.22,0
恋愛=精度×認識力,138.02,122.35,66.41,182.05,67.49,149.09,1756
DUAL STRIKER,154.21,128.94,51.05,0,45.46,148.81,0
轟け！恋のビーンボール！！,161.26,142.1,84.04,0,0,148.73,1834
TOMAHAWK,146.1,140.77,156.21,0,40.24,148.55,0
Idola,131.5,123.67,37.76,0,0,148.46,0
†渚の小悪魔ラヴリィ～レイディオ†(IIDX EDIT),163.43,138.15,96.18,0,0,148.03,1835
天空の夜明け,156.61,148.68,15.97,0,0,147.91,2072
卑弥呼,158.6,187.49,33.83,151.5,0,147.54,2119
Session 9 -Chronicles-,148.9,143.42,36.89,28.04,0,147.44,0
MENDES,158.88,169.64,77.83,0,0,147.36,1831
錬成人間トリコロイダー,133.16,114.47,72.17,0,0,146.81,0
hard-wired,150.93,157.14,111.18,0,65.24,146.69,0
WONDER WALKER,150.54,126.31,49.09,0,0,146.59,0
それは花火のような恋,151.41,124.99,85.42,0,0,146.47,0
Broken Sword,150.4,146.05,19.72,0,0,146.39,0
RINИE,140.57,126.31,71.01,0,0,146.28,0
Dans la nuit de l'eternite,142.51,147.36,74.32,0,0,146.01,0
quaver♪,157.37,139.48,34.84,45.71,0,145.95,1745
BLACK or WHITE?,161.61,155.35,31.61,0,112.46,145.57,2013
KAISER PHOENIX,160.84,140.78,55.43,0,0,145.5,1693
灼熱 Pt.2 Long Train Running,143.89,125,200,0,9.19,145.33,1804
儚キ戀ノ幻想譚,150.28,131.57,104.55,0,9.19,145.31,0
MEGAERA,143.44,157.15,57.2,0,22.62,145.2,0
ピアノ協奏曲第1番”蠍火” (BlackY Remix),141.43,157.13,32.09,0,114.04,145.16,0
Visterhv,148.99,144.74,27.28,0,139.42,144.97,0
PUNISHER,150.12,132.88,78.46,0,0,144.65,0
お菓子の王国,160.24,180.32,31.03,0,0,144.6,2109
SYNC-ANTHEM,145.43,128.93,33.51,36.19,0,143.76,0
255,149.19,126.3,107.49,0,0,143.57,0
BIGソムタム,135.72,123.67,85.52,0,151.8,143.48,1688
Colorful Cookie,149.83,149.99,38.77,0,0,143.28,0
GOLDEN CROSS,144.18,142.1,28.56,0,0,143.13,0
One for All,128.71,130.26,104.67,0,7.33,142.83,0
∀,148.86,151.78,61.98,0,13.57,142.68,0
IX,160.9,160.7,83.04,0,59.5,142.59,2007
Confiserie,164.15,171.43,82.34,0,0,142.56,1833
Catch Our Fire!,150.82,123.68,62.96,0,0,142.39,0
Bad Maniacs,135.98,146.04,59.82,0,0,142.25,1656
EXUSIA,153.83,132.88,69.64,0,0,142.11,0
TRIUMPH,142.41,131.58,137.16,0,156.2,141.91,0
Timepiece phase II,152.45,135.52,52.04,0,0,141.74,0
Binary Black Hole,155.11,182.11,50.88,0,153.39,141.26,2000
n/a,151.21,157.13,84.98,165.5,99.33,141.17,1867
表裏一体！？怪盗いいんちょの悩み,142.24,113.15,65.09,0,0,141.04,0
冥,150.46,180.35,26.85,183.46,0,140.96,2000
Shooting Fireball,150.69,142.1,14.94,0,0,140.89,0
No Border,145.14,136.84,20.63,0,0,140.73,0
津軽雪,147.78,150,36.91,0,24.98,140.55,0
JOMANDA,146.92,135.52,66.41,179.34,0,140.43,1918
-65℃,152.86,144.72,39.61,0,120.01,140.35,0
B4U(BEMANI FOR YOU MIX),141.22,115.78,67.63,0,0,140.32,0
innocent revolver,156.1,119.73,46.88,0,0,140.3,1990
X,156.74,143.43,16.37,0,0,140,1952
Close the World feat.a☆ru,143.78,130.26,56.62,0,0,139.69,0
kors k's How to make OTOGE CORE 「LONG」,141.75,139.47,105.05,0,86.61,139.68,0
Red. by Full Metal Jacket,130.91,118.43,181.47,0,0,139.43,1643
リリーゼと炎龍レーヴァテイン,159.67,124.99,48,0,118.74,139.37,1771
Everlasting Message,159.02,158.91,74.17,0,178.03,139.3,1970
Don't believe the hype,127.03,117.1,166.41,0,165.82,138.92,0
NEO GENERATOR SEVEN,135.1,136.83,82.69,0,0,138.91,0
Valanga,141.79,131.57,47.66,0,143.39,138.83,0
Plan 8,132.13,160.71,169.93,0,0,138.72,1690
Double Dribble,133.69,113.15,151.26,0,0,138.44,0
ORCA,145.7,136.83,76.28,0,3.42,138.29,0
灼熱Beach Side Bunny,135.14,119.74,198.86,0,0,138.2,1719
Bad Encryption,138.96,164.27,113.63,0,28.42,137.98,1633
マツケンサンバⅡ,113.91,109.2,83,0,80.45,137.87,0
Candy Galy,142.26,138.15,42.07,0,0,137.67,0
reunion,134.82,132.88,42.16,0,0,137.66,0
Carmina,155.5,155.35,82.76,0,161.98,137.39,0
I,153.19,138.14,57.55,0,109.82,137.35,0
ABSOLUTE EVIL,139.66,135.51,93.85,0,148.75,137.34,1778
DEADHEAT,143.46,134.2,108.97,0,0,137.04,0
NNRT,128.84,125,51.67,15.63,0,136.81,0
Cookie Bouquets,130.48,109.21,43.8,0,0,136.79,0
POSSESSION,136.83,121.06,20.29,157.89,22.8,136.78,1521
Aftermath,134.54,126.31,47.71,0,161.88,136.76,1828
INSOMNIA,135.44,130.26,113.05,0,0,136.57,0
Devilz Staircase,149.81,175,51.16,0,11.69,136.42,1685
焔極OVERKILL,151.34,147.36,122.88,0,0,136.42,0
Level 4,150.48,126.3,193.48,0,12.02,136.28,1883
V2,135.25,132.89,34.83,0,0,136.23,0
EBONY & IVORY,146.6,144.74,76.59,0,0,136.06,0
KILL EACH OTHER,144.62,139.47,74.2,0,0,136.06,0
THE DAY OF JUBILATIONS,149.32,126.31,78.61,0,134.43,135.96,0
[ ]DENTITY,153.34,147.34,41.9,0,0.92,135.83,0
DOMINION,129.68,142.1,64.67,0,0,135.62,0
キャトられ恋はモ～モク,142.42,139.46,86.1,0,0,135.57,0
千年ノ理,124.08,123.68,15.73,0,0,135.56,0
不沈艦CANDY,134.57,138.15,25.63,0,0,135.38,0
ALBIDA,131.39,122.36,92.59,0,0,135.12,1530
Empire of Fury,140.25,134.2,103.02,0,0,135.1,0
HARD BRAIN,146,130.25,31.1,0,91.66,134.92,0
THE F∀UST,146.07,157.13,44.82,0,111.67,134.79,0
Monopole.,143.4,134.21,47.72,0,102.51,134.75,0
真 地獄超特急 -HELL or HELL-,132.27,128.94,159.94,0,164.25,134.62,0
The Clown of 24stairs,165.91,158.91,63.66,0,0,134.58,1788
neu,131.04,135.51,36.76,0,0,134.55,0
九尾狐夜行,133.71,121.04,51.23,0,0,134.11,0
LOCUS OF THE TRAVEL,152.61,121.05,151.32,0,177.58,133.81,1920
伐折羅-vajra-,152.41,140.78,60.35,0,0,133.7,0
グッバイ宣言,125.72,101.31,51.77,0,0,133.69,0
Macho Monky,127.19,136.84,125.39,0,2.33,133.6,0
Macuilxochitl,148.55,127.63,29.03,0,0,133.56,0
SOLID STATE SQUAD,132.37,134.2,81.12,0,0,133.53,0
Devil's Gear,136.97,139.47,103.02,0,0,133.37,0
cinder,126.83,136.83,35.19,0,70.45,133.04,0
Level 3,149.79,135.51,179.8,0,14.98,132.52,1844
THE DETONATOR,111.16,102.62,68.8,0,0,132.52,0
ANCHOR,144.68,146.03,64.9,0,104.34,132.45,1835
Sounds Of Summer,127.23,127.63,30.62,0,26.49,132.42,0
Grand Chariot,139.87,135.51,74.63,0,37.54,132.33,0
華麗なる大犬円舞曲,141.81,140.78,59.23,135.74,0,132.32,1849
ALBA -黎明-,128.96,117.1,51.25,0,106.55,132.24,0
LOUDER ROLLING THUNDER,147.63,138.14,105.93,0,58.57,132.07,0
YAKSHA,150.68,136.84,38.96,0,0,132.07,0
天邪鬼,139.21,128.94,56.9,0,7.64,131.79,0
ra'am,132.48,147.35,75.97,88.85,45.61,131.77,0
#MAGiCVLGiRL_TRVP_B3VTZ,140.17,126.3,56.51,0,67.49,131.76,0
THE DEEP STRIKER,124.11,110.52,77.52,0,0,131.69,0
perditus†paradisus,154.26,151.78,22.86,0,122.75,131.6,0
Push on Beats!～音ゲの国のeX-ストリーマー～,145.25,140.78,102.76,91.11,0,131.59,0
Drastic Dramatic,147.76,122.36,26.82,0,0,131.59,0
即席！脳直★ミュージックシステム,148.18,118.42,92.81,0,0,131.49,0
SABER WING,131.72,123.67,31.35,172,0,131.43,1438
Please Welcome Mr.C,131.19,126.31,106.5,0,19.2,131.39,0
Vinculum stellarum,131.63,131.58,18.93,0,23.43,131.19,0
Hat Surprise (Season 2),144.46,113.14,80.34,0,0,131.09,0
On the FM,133.25,123.68,114.7,0,3.74,130.94,0
BroGamer,118.37,118.41,122.2,0,0,130.89,0
Xyndrome,122.75,111.84,100.63,0,81,130.83,0
anthracene,137.57,122.34,88.48,0,77.17,130.72,1744
雪上断火,117.73,115.77,175.88,63.57,0,130.67,1544
Lords Of The Roundtable,125.95,127.63,192.05,0,104.75,130.6,1586
Legendary Treasures,119.84,102.61,25.87,0,60.39,130.57,0
Steel Edge,127.43,105.25,41.66,0,149.09,130.47,0
Slipstream,137.08,139.46,103.69,0,61.39,130.3,0
旋律のドグマ～Miserables～,141.45,122.35,35,0,1.85,130.13,0
Level One,142.63,134.21,182.51,0,90.61,130.07,1857
黒髪乱れし修羅となりて,140.68,119.73,40.52,0,0,130.07,0
refrain,155.54,131.57,12.81,0,0,130,0
True Blue,138.2,119.72,12.19,0,0,130,0
Viridian,139.75,136.83,40.11,0,0,129.96,0
TROOPERS,124.32,111.84,123.61,0,0,129.8,0
AA -rebuild-,148.69,142.1,14.27,0,0,129.65,1820
TOXIC VIBRATION,150.65,135.52,43.13,0,0,129.62,0
Rave Patroller,132.48,135.52,46.41,0,0,129.6,0
イザナミノナゲキ,136.06,123.68,27.45,0,102.48,129.55,0
Raspberry Railgun,135.73,107.88,39.39,0,0,129.43,0
スーパー戦湯ババンバーン,135.41,122.36,82.63,0,0,129.39,0
ミュージック・アワー,121.64,94.28,93.52,0,0.44,129.34,0
Flying Castle,146.21,123.69,86.26,0,70,129.29,0
めいさいアイドル☆あいむちゃん♪,135.19,123.68,43.01,0,0,129.22,0
Xperanza,128.59,126.31,132.82,0,29.83,129.19,0
fffff,153.78,128.94,40.02,0,0,129.17,0
HYPE THE CORE,133.42,111.84,54.94,0,0,129.1,0
Illusionary Waterlily,143.7,136.83,84.19,0,21.9,128.91,0
LASER CRUSTER (IGNITE REMIX),142.46,139.46,118.01,0,33.8,128.87,0
湘南ロンリーMIDNIGHT RAIN,111.4,97.14,31.59,0,58.46,128.69,0
WHA,157.37,143.42,162.56,0,96.4,128.62,1946
entelecheia,148.2,134.21,5.85,0,114.95,128.29,0
M4K3 1T B0UNC3,124.64,126.31,69.89,0,71.14,128.24,0
fallen leaves -IIDX edition-,153.92,147.36,39.22,0,138.61,128.23,0
シムルグの目醒め,142.12,148.68,89.79,0,0,128.22,0
Rave Cannon,132.25,115.77,74.25,0,100.39,128.2,0
Time to Air,121,126.3,63.48,0,0,128.12,0
NITROUS CANNON,143.03,125,102.61,0,0,128.07,0
THE PEERLESS UNDER HEAVEN,146.79,171.41,167.94,0,0.44,128.03,1818
Sigmund,165.51,146.05,73.81,0,70.77,128.01,2029
ECHIDNA,144.54,147.37,55.16,0,183.75,127.95,1775
Xlo,159.69,138.15,104.89,0,0,127.92,1988
Venom,126.03,121.03,69.54,0,0,127.84,0
The Rebellion of Sequencer,145.23,130.25,97.12,0,25.31,127.73,0
≡＋≡,123.51,110.52,33.73,0,0,127.65,0
少年は空を辿る,134.29,135.52,44.68,0,101.84,127.58,0
VALLIS-NERIA,112.74,106.56,46.88,0,144.45,127.56,0
AA,151.77,142.09,13.85,0,0,127.52,1834
Godspeed,144.64,128.94,31.65,0,132.9,127.52,0
Skreaming for Salvation,131.77,147.37,162.65,0,9.81,127.49,0
Liberation,138.96,126.31,12.75,0,0,127.47,0
Tiempo Loco,147.38,144.74,55.84,0,123.24,127.37,0
FREEDOM,114.86,110.52,100.01,0,0,127.31,0
Trill auf G,133.6,132.89,26.22,0,0,127.13,0
Todestrieb,128.39,123.67,11.32,0,78.56,127.12,0
VEGA,128.73,117.09,60.99,0,0.44,127.12,0
Artist,153.63,135.51,67.06,0,68.89,127.1,1870
Sense 2007,123.94,128.94,113.19,0,0,127.09,0
Secrets,129.31,110.52,82.25,0,0,126.97,0
B.O.D.Y.,148.26,130.24,89.07,0,110.02,126.94,1734
バッドエンド・シンドローム,113.31,113.15,16.53,0,0,126.91,0
2 Beasts Unchained,149.71,139.47,133.52,0,101.09,126.82,0
二人ノ廃城幽踊宴,153.15,131.56,51.54,151.41,0,126.81,1927
Triple Cross,136.19,123.67,35.7,0,171.11,126.78,1667
Watch Out Pt.2,131.95,126.3,179.43,0,0,126.58,1506
Konzert V,136.08,171.41,36.52,0,0,126.47,1710
CODE:1 [revision1.0.1],132.63,131.57,45.57,0,0,126.35,0
Ignis†Irae,151.01,142.1,101.94,47.92,162.59,126.33,0
紅牡丹,133.55,123.69,92.24,0,0,126.33,0
The Least 100sec,144.71,118.42,77.05,92.89,0,126.32,0
SOUND OF GIALLARHORN,121.71,107.88,32.95,0,0,126.24,0
刃図羅,130.75,126.3,43.64,0,0,126.2,0
THE FALLEN,124,113.14,64.95,0,0,126.17,0
SCREW // owo // SCREW,128.02,122.36,151.6,0,6.86,126.07,0
シャムシールの舞,109,101.3,25.15,102.44,0,126.05,0
ドッキン☆サマーあばんちゅーる,114.4,119.72,95.61,0,0,125.99,0
共鳴遊戯の華,155.12,144.72,34.48,0,157.98,125.93,0
たまゆら,121.71,138.15,51.67,0,0,125.86,0
Symmetry,132.29,122.36,32.53,0,0,125.78,0
LIGHTNING STRIKES,139.5,127.62,51.45,0,26.55,125.7,0
Blue Spring Express,147.17,153.58,78.18,0,0,125.69,0
NZM,142.65,127.62,46.04,0,185.93,125.3,1783
waxing and wanding,122.22,135.51,38.49,0,0,125.26,0
Critical Crystal,127.63,139.45,74.64,0,83.27,125.19,0
HADES,126.7,138.14,112.29,0,0,125.1,0
童話回廊,140.22,130.25,57.74,0,0,125.09,0
"ピアノ独奏無言歌 ""灰燼""",134.84,134.2,0,195.34,0,124.88,1977
GRAVITON,144.73,128.95,32.3,0,0,124.83,0
海神,124.47,114.45,72.35,0,151.56,124.71,0
HAERETICUS,145.17,146.04,83.19,0,0,124.35,0
EROICA,164.31,200,33.49,0,129.15,124.32,2040
Timepiece phase II (CN Ver.),141.6,135.52,27.36,0,190.01,124.27,1546
Angel's Ladder,140.71,119.73,78.01,0,0,124.07,1800
NINJA IS DEAD IIDX ver.,129.19,124.99,39.62,64.36,0,123.86,0
Realize Maze,114.44,98.56,39.92,0,0,123.85,0
打打打打打打打打打打,124.37,122.36,34.42,0,11.54,123.81,0
dAuntl3ss,141.69,128.93,47.68,0,0,123.81,0
Broken,121.52,131.57,22.15,0,0,123.76,0
SOLID STATE SQUAD -RISEN RELIC REMIX-,128.16,127.63,43.6,0,124.45,123.58,0
Purple Perplex,127.22,130.26,140,0,120.98,123.58,0
金野火織の金色提言,132.96,138.15,87.36,0,23.44,123.52,0
デッドボヲルdeホームラン,124.34,103.94,69.67,0,0,123.48,0
C-C-C-N-N-N,118.67,114.45,109.18,32.2,0,123.24,0
GuNGNiR,154.58,142.09,90.43,0,10.45,123.23,0
DIAMOND CROSSING,145.66,123.67,44.85,0,200,123.21,1585
Ancient Scapes,137.77,127.62,50.74,0,0,123.16,1780
Persephone,123.33,115.77,88.16,0,0,123.14,0
Para siempre,113.08,109.2,80.63,0,82.49,123.06,0
追想快晴テーマパーク,127.92,107.88,34.01,0,0,122.95,0
OTENAMI Hurricane,132.68,127.62,111.34,0,8.41,122.82,0
Scars of FAUNA,119.06,115.78,9.38,0,176.27,122.77,1475
Volcanic Dragon,116.16,101.31,93.97,0,26.55,122.75,0
Outbreak,117.78,107.89,83.39,0,0,122.75,0
MAGIC & LOVE,124.34,110.52,72.79,0,0,122.7,0
Painful Fate,129.6,131.56,22.18,0,159.75,122.66,0
Ｘ↑Ｘ↓,112.19,106.56,47.32,0,0,122.66,0
Snakey Kung-fu,132.83,121.06,27.63,0,175.65,122.6,1751
in the Sky,105.66,117.1,44.53,0,0,122.5,0
Primitive Vibes,126.08,106.57,71.06,0,7.32,122.48,0
LOST TECHNOLOGIE,140.53,127.63,92.15,0,34.04,122.27,0
Vitrum,146.94,121.04,66.03,0,115.47,122.24,0
Verflucht,156.03,135.52,17,0,0,122.22,0
EVANESCENT,147.51,114.47,57.08,123.53,110.26,122.08,0
Beat Radiance,118.63,102.62,64.09,0,0,122.07,0
Tropical April,112.41,119.73,59.88,0,0,122.05,0
Arkadia,152.14,127.63,56.82,0,0,121.98,1873
THE CANNONBALLER,127.76,119.72,42.58,0,0,121.8,0
Invitation from Mr.C,124.82,119.73,113.03,0,67.46,121.67,0
Wing of Hearts,108.18,102.63,54.57,0,23.89,121.67,0
Smalt #28598F,138.63,131.56,90.75,0,0,121.67,0
The Limbo,133.63,127.64,49.79,0,0,121.65,0
STULTI,126.66,131.56,67.11,109.33,0,121.64,0
STARLIGHT DANCEHALL,115.51,113.15,97.84,0,0,121.6,0
Beyond The Earth,117.63,113.16,69.77,0,0,121.6,0
Be A Star,114.45,101.3,34.21,0,0,121.59,0
quell～the seventh slave～,149.19,147.35,38.94,0,0,121.41,0
Feel The Beat,145.34,123.67,106.13,0,0,121.4,0
L.F.O,131.95,139.47,56.42,0,1.86,121.35,0
Unbelief,130.1,131.57,31.11,0,177.58,121.28,1675
TECHNO Style Essentials,125.21,121.05,74.07,0,96.77,121.21,0
Caterpillar,123.88,115.78,148.59,0,0,121.14,0
Romanticが止まらない,120.6,100,34.06,0,0,121.14,0
儚き恋の華,125.3,98.57,87.37,0,0,121.11,0
Carry Me Away,129.56,118.42,84.26,0,11.05,121,0
HELL SCAPER -Last Escape Remix-,99.24,118.41,84.79,0,0,121,0
KING,115.72,98.57,59.72,0,0,120.93,0
LAX5 feat.Ryota Yoshinari,115.36,101.3,20.01,0,0,120.81,0
ウツシミウツシ,126.68,102.62,38.18,0,0,120.76,0
T-REX vs Velociraptor (In the Far east euphoria),136.38,126.31,47.37,0,8.73,120.75,0
Apocalypse,131.46,118.42,38.53,0,62.08,120.55,1814
鴉,113.16,110.51,52.88,0,0,120.4,0
Ou Legends,137.11,119.74,48.55,0,136.06,120.22,0
Derelict Star feat. Ryu*,107.7,109.21,68.72,0,74.05,120.21,0
invoker,125.59,110.52,87.33,0,0,120.2,0
Megalara Garuda,126.05,126.3,23.79,0,120.25,120.05,0
FANTASTIC THREE,132.91,123.67,118.39,0,0,120.04,0
AO-1,133.64,128.94,114.49,0,88.22,120,1443
GOLD RUSH,122.06,109.2,67.49,0,0,119.88,0
音楽,101.91,139.46,5.99,175.49,0,119.87,1487
3V0,120.58,114.46,105.63,0,3.74,119.79,0
UNDERWORLD HOLOGRAPHY,125.87,109.2,35.59,0,0,119.74,0
烽火連天の刃,140.26,117.09,57.69,0,184.94,119.73,1771
Nightmare before oversleep,121.58,123.67,30.7,0,0,119.72,0
RAIN,141.62,121.06,16.79,0,73.6,119.62,0
Jungle Eater,121.3,106.56,99.03,0,0,119.61,0
The Dirty of Loudness,124.25,148.68,45.68,0,0,119.6,0
Mare Nectaris,163.15,180.34,44.9,0,0.91,119.49,2094
UNITE THE HEART,124.17,101.3,54.5,0,0,119.44,0
閠槞彁の願い,127.52,158.91,52.4,0,143.59,119.39,0
BabeL ～Grand Story～,114.53,110.52,47.19,0,62.81,119.24,0
ASIAN VIRTUAL REALITIES (MELTING TOGETHER IN DAZZLING DARKNESS),147.04,114.45,106.22,0,103.06,119.2,1752
Summerlights(IIDX Edition),128.35,128.94,57.99,0,85.3,119.2,0
Ritual of Anubis,121.28,109.2,110.53,0,0,119.02,0
Antigravity,135.47,125,76.91,0,51.7,119.01,1591
Victory Of Ravers,112.6,106.56,112.29,0,24.63,119,0
Divine Heaven,116.56,113.14,34.45,0,107.54,118.93,0
GiGaGaHell,138.92,150,112.02,0,0,118.91,0
10000 MILES AWAY,118.07,113.15,100.77,0,158.3,118.9,0
Quakes,140.29,155.36,84.03,0,75.69,118.87,0
Last Dance,130.45,135.52,37.43,0,17.64,118.82,0
R∞tAge,112.31,102.62,70.22,0,0,118.82,0
Lethal Weapon,132.98,118.42,54.73,113.26,2.8,118.71,0
Elektrick U-Phoria,125.16,102.63,64.04,0,0,118.64,0
rage against usual,120,171.42,91.03,0,0,118.62,1527
Garuda,127.16,109.21,55.31,0,10.35,118.6,0
Daily Lunch Special,114.77,97.13,39.73,0,125.72,118.39,0
3!dolon Forc3,124.8,138.14,107.21,105.85,0,118.35,0
Sinus Iridum,141.76,143.41,18.88,150.85,192.43,118.3,1803
RIZING YOU UP,107.61,107.89,31.48,0,0,118.19,0
CHRONO DIVER -NORNIR-,126.05,102.63,28.69,0,0,118.15,0
トリカゴノ鳳凰,138.04,126.31,42.15,0,75.59,118.12,0
AsiaN distractive,105.13,103.93,26.34,52.6,0,118.08,0
Super Freak,137.78,122.36,54.37,0,0,118,0
2 tribe 4 K,111.74,106.58,41.22,0,0,118,0
Breaking the ground,91.89,90,92.49,0,0,117.81,0
PARADISE LOST,128.77,139.46,84.09,0,165.28,117.8,0
罠,105.24,91.41,71,0,0,117.78,0
EDEN,109.31,88.56,29.2,0,0,117.61,0
ONIGOROSHI,125.26,117.09,102.81,0,108.44,117.41,0
Reflux,126.9,123.68,107.79,0,172.27,117.33,1574
いつかオトナになれるといいね。,118.93,84.27,27.88,0,0,117.25,0
LASER CRUSTER,136.1,115.78,56.08,0,0,117.23,0
ZZ,136.51,122.36,16.76,0,76.09,117.16,0
SAY BAY,120.34,117.1,127.07,0,75.05,117.15,0
smile,108.68,101.31,78.95,0,0,117.07,0
ZEИITH,129.15,123.68,95.27,0,0,117.06,0
Friction[!]Function,129.19,121.04,107.86,0,26.7,117.05,0
BLUE MIRAGE,134.37,134.21,142.65,0,0,116.97,0
ユミル,116.44,102.63,46.13,0,0,116.94,0
I will be back -オレは帰ってきた-,131.02,111.83,26.86,0,33.59,116.93,0
Unicorn tail,113.72,118.41,29.41,0,0,116.91,0
SHION,108.01,95.71,23.73,0,0,116.9,0
Blaze it UP!,115.67,101.3,63.44,0,47.95,116.88,0
SpaceLand☆TOYBOX,138.77,121.05,34.34,0,0,116.77,0
SPECIAL SUMMER CAMPAIGN!,138.76,121.05,34.34,0,0,116.77,0
DEEP ROAR,116.12,98.57,42.08,0,0,116.75,0
ランカーキラーガール,117.87,102.62,41.22,0,20.61,116.69,0
Crank It,100.32,85.7,27.38,0,0,116.59,0
SHADE,114.49,115.79,15.93,0,0,116.49,0
V,119.32,169.63,26.88,0,0,116.44,1519
Exhaust Hype,112.67,97.14,81.73,0,0,116.38,0
Dr. Chemical & Killing Machine,141.24,134.2,27.22,0,0,116.38,0
魅惑のYUMMYスイーツ,129.58,131.57,86.3,0,128.06,116.37,0
U.S.A.,116.56,100,53.24,0,2.95,116.26,0
KAMIKAZE,106.37,103.94,39.51,0,0,116.26,0
encounter,132.97,121.05,53.07,0,0,116.23,0
Tail Lights,120.53,119.72,8.28,0,0,116.21,0
PENDUAL TALISMAN,97.7,102.62,32.49,12.41,12.17,116.2,0
Dazzlin' Darlin,90.5,92.84,25.42,0,0,116.11,0
ディッシュウォッシャー◎彡おいわちゃん,110.9,106.57,65.01,0,0,116.1,0
eRAseRmOToRpHAntOM,115.49,109.2,51.39,72.83,0,115.88,0
Horizons of Promise,105.65,89.99,56.48,0,18.74,115.83,0
深淵に捧ぐレクイエム,127.75,127.62,15.73,0,188.08,115.81,1537
華蝶風雪,118.38,95.7,25.86,0,0,115.68,0
Night! Night! Night!,124.12,113.14,93.95,0,0,115.66,0
Vulkan,127.12,101.31,27.44,0,0,115.65,0
Brahma,119.38,117.09,43.07,0,0,115.62,0
RISING FIRE HAWK,115.38,109.2,54.51,0,0,115.6,0
ちょえちょえまぎか,124.9,94.27,31.53,0,0,115.52,0
Sorrows,105.52,103.94,42.12,0,0,115.5,0
TECHNOPHOBIA,139.94,164.27,46.87,0,0,115.41,1544
AMICABLE,104.22,97.13,72.37,0,72.37,115.31,0
Dances with Snow Fairies,126.03,142.1,39.03,0,0,115.29,0
StrayedCatz,116.71,132.89,31.38,0,0,115.24,0
Sol Cosine Job 2,129.88,121.04,90.84,51.38,18.89,115.23,0
Go Ahead!!,112.08,183.93,57.79,0,96,115.12,1413
rainbow rainbow,118.52,114.46,33.21,0,0,115.11,0
New Decade IIDX Edition,130.29,114.47,84.5,0,0,115.09,0
NRG STAR '86 feat. 大山愛未,106.69,97.14,37.32,0,0,115.08,0
VALKYRIAS -英雄誕生-,107.38,107.88,67.17,0,0,115.07,0
ミラージュ・レジデンス,105.84,90,57.33,0,0,115.03,0
PARANOiA ～HADES～,132.51,127.62,18.67,134.15,0,114.96,1395
HAPPY★RUSH,118.84,114.47,70.89,0,0,114.93,0
"Anisakis -somatic mutation type""Forza""-",101.89,105.25,44.24,0,0,114.91,0
パ→ピ→プ→Yeah!,116.19,114.47,17.84,0,82.05,114.87,0
Red Soul,120.7,106.56,129.92,0,0,114.87,0
DORNWALD ～Junge～,144.36,144.74,38.68,0,0,114.83,0
Matt Silver,135.74,118.42,37.06,0,0,114.83,0
Pollinosis,105.21,110.52,49.78,0,0,114.8,0
KEY,115.68,101.31,20.53,0,0,114.78,0
Sugarplum,102.14,97.13,27.05,0,0,114.72,0
NANAIRO,110.44,103.94,49.21,0,0,114.52,0
50th Memorial Songs -二人の時 ～under the cherry blossoms～-,104.48,100,29.6,0,0,114.48,0
Scharfrichter,113.82,110.51,32.09,0,152.73,114.46,0
F,152.03,123.68,23.82,0,0,114.46,0
DropZ-Line-,132.65,130.26,95.57,139.55,7.02,114.37,1648
Arca,123.22,124.99,31.92,0,0,114.37,1602
Warrior,98.73,100,37.19,0,18.89,114.37,0
FIRE FIRE,108.97,127.63,94.36,0,0,114.37,0
Proof of the existence,126.42,130.25,30.22,0,0,114.34,0
DAWN -THE NEXT ENDEAVOUR-,103.41,100,13.35,0,0,114.3,0
The Wind of China Express(The 4th Mashup),104.82,100,39.27,0,0,114.29,0
Ristaccia,100.64,118.41,55,0,0,114.13,0
So Punky,104.47,89.99,40.48,0,0,114.08,0
Inferno of Fomalhaut,135.36,147.37,110.67,0,109.25,114.06,0
ハードベース・フェスタ,115.27,106.56,83.58,0,0,114.06,0
凛として咲く花の如く,109.51,95.71,18.25,0,0,114.06,0
Never Fade Away,123.24,113.16,42.69,0,0,113.98,0
Concertino in Blue,126.25,130.26,120.24,162.65,0,113.96,1311
Advent Infamous,117.21,105.24,65.77,0,69.59,113.95,0
bloomin' feeling,127.72,113.14,52.44,0,40.61,113.86,0
CaptivAte～浄化～,93.5,94.28,65.22,0,0,113.72,0
ONE AND ONLY,125.59,135.51,107.77,0,0,113.57,0
Kung-fu Empire,122.24,107.88,41.37,0,0,113.56,0
GAIA,132.51,126.31,40.31,0,0,113.56,0
ハリツヤランデヴー,107.65,82.84,14.4,0,0,113.56,0
子供の落書き帳,143.09,146.04,52.3,0,0,113.5,0
kors k's How to make OTOGE CORE,90.28,130.26,40.12,119.18,11.08,113.45,0
The Sampling Paradise,130.1,119.72,111.82,0,12.02,113.4,0
Wonder Girl feat. Kanae Asaba,115.51,107.88,32.72,0,0,113.36,0
Pout,110.18,122.35,35.34,0,101.04,113.35,0
Funny shuffle,111.52,115.77,98.26,0,0,113.31,0
Almagest,159.86,157.14,50.1,0,164.24,113.26,1629
n'pa pa BBQ,116.57,102.62,33.17,0,13.42,113.26,0
FLOWER,115.28,124.99,52.35,0,36.88,113.25,0
禊,131.59,119.72,57.6,0,156.68,113.2,0
(This Is Not) The Angels,113.16,101.3,45.93,171.49,0,113.19,1364
DAYDREAMER,94.16,91.42,18.43,0,0,113.18,0
Evans,131.1,125,103.57,0,0,113.17,0
soldier's waltz,105.81,106.56,48.78,0,131.52,113.14,0
Level 2,118.4,111.83,161.95,0,25.91,113.05,0
Egret and Willow,103.48,101.3,63.77,0,0,113.03,0
24th Century BOY,115.19,125,24.77,0,0,112.99,0
rottel-the-Mercury,100.01,100,52.54,0,0,112.97,0
LIKE A VAMPIRE,109.26,94.28,41.06,0,0,112.93,0
ワルツ第17番 ト短調”大犬のワルツ”,126.91,115.78,0,200,0,112.89,1684
STARLiGHT,107.34,106.57,96.85,0,0,112.89,0
Pharaoh,114.15,114.47,65.61,0,0,112.84,0
MENTAL MELTDOWN,118.72,144.73,79.11,0,0,112.76,0
apo:llioth,111.25,97.14,100.05,0,0,112.73,0
創世ノート,121.1,109.2,51.34,0,0,112.71,0
VOLCANIC BIGBEAT,114.85,94.27,149.51,0,0,112.7,0
きゅんです。,106.69,97.13,29.04,0,0,112.66,0
Technicolour Dreams,109.82,97.13,29.94,0,39.99,112.62,0
ZETA～素数の世界と超越者～,116.97,110.51,29.6,111.68,0,112.58,0
Lovely Howdy Cowboy!!,116.07,101.31,101.7,0,41.24,112.58,0
草原の王女-軌跡を辿って-,103.78,88.56,25.79,0,0,112.55,0
夏色DIARY - L.E.D.-G STYLE MIX -,135.61,126.31,59.02,0,45.22,112.53,0
明鏡止水,112.2,107.88,23.78,75.15,0,112.47,0
oratio,110.3,125.01,33.35,0,0,112.43,0
Shadow World,105.95,98.57,21.41,0,0,112.39,0
COSMIC CYBER,132.47,118.41,58.47,0,0,112.37,0
sakura storm,133.91,110.51,116.47,0,63.89,112.28,0
Game Changers,109.77,109.2,113.23,48.27,0,112.25,0
ZENDEGI DANCE,113.79,101.3,23.2,0,0,112.24,0
Beyond The Seven,111.15,97.13,35.91,0,0,112.19,0
Fascination MAXX,123.32,105.25,32.15,200,0,112.17,1313
DRUNK MONKY,139.41,118.4,28.47,0,0,112.16,0
LOVELY STORM,110.53,100,24.22,0,0,112.07,0
yamabiko (SINOBUZ Edition),105.32,109.2,46.2,0,5.76,111.95,0
電人、暁に斃れる。,135.19,123.68,43.96,0,0,111.94,0
Routing,109.61,101.31,116.3,0,0,111.77,0
Line 4 Ruin,119.19,101.31,32.82,0,0,111.76,0
最小三倍完全数,118.07,117.1,68.73,0,1.55,111.69,0
DIAMOND JACKAL,114.21,119.73,79.21,85.18,0,111.68,0
50th Memorial Songs -Flagship medley-,100.96,97.14,44.5,56.02,0,111.62,0
Sakura Reflection,111.36,109.2,29.31,0,119.89,111.6,0
Fervidex,104.09,110.51,17.82,0,0,111.57,0
1001 -ESCAPE-,102.64,90,55.78,0,0,111.48,0
Welcome,104.68,107.88,98.93,0,0,111.11,0
With You,104.47,92.84,131.08,0,0,111.1,0
Here We Are,94.98,95.71,56.51,0,35,111.09,0
無意識のフィロソフィア,124.92,97.14,27.58,0,0,111.08,0
of the first magnitude,114.7,97.13,15,0,176.58,111.03,1503
Neo Heritage,117.22,109.21,89.86,0,0,111.03,0
diagram,110.47,111.83,73.81,0,0,110.99,0
Discloze,109.98,101.3,59.29,96.89,31.24,110.98,0
Bow shock!!,121.32,117.09,40.63,0,0,110.96,0
chaos eater -IIDX edition-,112.79,113.16,63.11,0,0,110.95,0
The Commanders,96.37,82.84,37.75,0,0,110.95,0
High School Love,93.66,85.7,54.9,0,0,110.94,0
MAX LOVE,96.34,80,67.17,0,0,110.93,0
Luna Plena,107.55,87.13,47.28,0,0,110.9,0
ガヴリールドロップキック,111.17,101.31,78.48,131.39,43.5,110.88,1362
Fantasia,103.67,84.27,45.06,0,0,110.85,0
ANTHEM LANDING,115.13,107.89,15.81,0,0,110.83,0
めでてえ,106.47,91.41,108.06,0,0,110.61,0
bit mania,78.41,84.28,34.24,0,0,110.54,0
No Tears,102.34,102.62,28.98,0,0,110.54,0
GRID KNIGHT,102.11,101.3,40.32,0,0,110.5,0
恋はどう？モロ◎波動OK☆方程式!!,106.88,110.52,51.2,0,0,110.42,0
50th Memorial Songs -The BEMANI History-,111.76,117.1,39.25,0,4.83,110.38,0
あるビー！ feat.ころねぽち,117.04,100,77.83,0,77.49,110.36,0
Votania Beat,111.53,91.42,67.07,0,0,110.34,0
Quick Silver,117.36,103.93,61.93,0,30.14,110.23,0
Peaktime Booster,135.86,111.84,169.87,0,0,110.08,1663
アストライアの双皿,128.31,121.04,35.5,0,119.76,110.04,0
Violet Rose,118.25,102.63,28.43,0,0,110.04,0
TIEFSEE,135.72,126.3,23.12,0,0,109.84,0
Ergosphere,126.26,111.83,16.52,0,145.35,109.79,0
量子の海のリントヴルム,136.2,110.51,30.26,0,63.38,109.79,0
Emera,107.69,109.21,77.85,0,24.73,109.76,0
恋する☆宇宙戦争っ！！,142.08,125,59.79,0,0,109.69,0
爆ゼニ☆がってんワーカー,110.79,105.25,34.81,0,0,109.64,0
ラブキラ☆スプラッシュ,101.49,82.84,46.68,0,0,109.62,0
桜,109.23,118.41,58.81,151.6,0,109.61,1123
Highcharge Divolt,121.54,121.05,44.24,0,100.04,109.58,0
CONNECT-,124.48,106.57,37.29,0,0,109.56,0
狂イ咲ケ焔ノ華,139.11,139.46,46.31,0,0,109.53,0
紫陽花 -AZISAI-,114.35,115.77,70.44,0,47.64,109.47,0
Valgus,94.72,102.63,72.11,0,0,109.41,0
ROTTERDAM SHOGUN,111.14,97.13,83.54,0,57.02,109.36,0
Hold My Hand,99.28,94.28,41.76,0,0,109.33,0
SHELTER OF THE MIND,112.83,100,44.35,0,0,109.24,0
DESIRE,123.04,123.67,53.94,0,0,109.15,0
生きるよすが,94.37,84.27,39.95,0,9.83,109.12,0
Afterimage d'automne,120.37,111.83,45.62,0,110.15,109.02,0
nostos,97.62,118.41,16.21,151.92,0,108.99,1359
月光,105.18,95.7,53.5,0,0,108.89,0
Y&Co. is dead or alive,116.72,113.14,101.39,151.85,0,108.88,1478
COLOSSEUM,103.56,103.93,35.79,0,0,108.83,0
Punch Love 仮面,101.47,98.57,25.62,0,0,108.83,0
Fegrix,133.99,114.46,95.47,0,0,108.77,0
Banger Banger Banger Banger,123.6,106.56,88.43,0,0,108.76,0
東京神話,126.95,148.68,81.73,0,0,108.76,0
Flip Flap,97.33,85.7,51.13,0,0,108.75,0
SigSig,103.2,90,49.96,0,0,108.74,0
とろぴかる倶楽部,99.46,107.89,135.8,0,0,108.68,0
Wonderland,112.59,101.31,55.94,0,0,108.6,0
火影,120.95,98.55,165.37,0,0,108.57,0
命の標本,109.15,115.79,41.57,0,0,108.47,0
MAXIVCORD,123.44,115.77,20.74,0,35.47,108.43,0
MA・TSU・RI,111.96,91.41,72.67,0,9.99,108.41,0
8bit Princess,106.33,88.57,32.29,0,0,108.41,0
Piano Samurai,98.69,97.13,72.76,0,0,108.33,0
LAST DAY,125.9,107.89,50.27,0,0,108.31,0
REVOLVER,129.34,110.52,79.8,0,0,108.29,0
rumrum triplets,116.63,111.83,34.73,0,0,108.28,0
New Lights,97.11,92.83,53.77,0,0,108.25,0
衰色小町メランコリア,103.32,87.14,43.56,0,0,108.25,0
Burning Flame,122.4,110.51,96.46,0,0,108.11,0
夏の匂い。キミの残像。 ft. Kanae Asaba,97.36,91.41,28.23,0,0,108.03,0
PAPAYAPA BASS,113.29,98.57,46.81,0,0,107.99,0
旅人リラン,108.47,115.77,23.49,0,0,107.94,0
Innocent Walls,117.37,136.84,82.79,0,0,107.92,0
50th Memorial Songs -Beginning Story-,107.02,94.27,44.12,0,87.56,107.9,0
Override,118.15,102.63,62.02,0,0,107.9,0
prompt,111.56,105.25,15.44,0,0,107.9,0
輪廻の鴉,111.94,102.62,28.57,0,0,107.85,0
水鏡の異界,137.33,119.73,121.78,0,165.61,107.8,0
Believe in you,96.36,88.56,35.49,0,27.83,107.74,0
532nm,133.61,122.36,43.28,0,0,107.74,0
Ventriloquist,103.06,91.42,41.44,0,0,107.73,0
Calvados Queen,96.44,85.7,27.64,0,5.61,107.7,0
Thor's Hammer,152.86,171.41,72.63,0,0,107.6,1641
Peng-Ging Sky High!!,111.44,97.14,43.15,0,0,107.54,0
Ember Lights,113.36,101.3,28.34,0,86.72,107.53,0
CUE CUE RESCUE,117.63,103.94,40.9,0,0,107.52,0
ミッドナイト堕天使,114.22,94.28,27.37,0,0,107.52,0
Leaving...,102.56,115.78,30.34,0,0,107.42,0
Scandal,107.69,95.7,21.79,20.22,152.22,107.39,0
龍王の霊廟(Mausoleum Of The Primal Dragon),123.7,100,12.83,0,49.11,107.38,0
GHOST,116.52,125.01,65.95,88.37,0,107.34,0
Gravigazer,134.94,125,82.08,0,46.86,107.34,0
This is Love,103.81,107.89,21.18,0,0,107.33,0
Wolf 1061,123,113.14,16.38,0,170.04,107.2,1584
Debtty Daddy,104.57,110.52,67.79,0,0,107.05,0
ruin of opals,134.16,126.31,22.55,187.31,68.41,106.98,1646
Flashes,139.79,134.2,83.11,0,132.89,106.93,0
Silver Bullet,133.39,122.35,33.9,188.85,0,106.92,1662
FAKE TIME,115.58,130.25,43.09,0,0,106.92,0
か・し・ま・し☆PUMP UP！,112.9,98.57,100.43,0,0,106.86,0
雨のちパノラマセカイ,89.83,81.41,57.67,0,0,106.84,0
Nocturnal 2097,120.05,110.51,32.52,0,147.91,106.83,0
City Never Sleeps (IIDX Edition),103.96,106.57,15.77,0,69.72,106.83,0
ピアノ協奏曲第１番”蠍火”,107.58,142.1,49.88,160.09,0,106.72,1414
ギョギョっと人魚 爆婚ブライダル,98.77,115.78,47.01,0,0,106.68,0
UMMU,127.35,106.56,106.11,0,106.12,106.66,0
& Intelligence,130.94,105.25,98.76,0,37.8,106.64,0
Lawes's Parotia,108.81,105.26,45.33,0,0,106.52,0
Meissa,125.15,135.52,21.59,90.03,42.49,106.47,0
月とミルク,113.19,107.89,13.54,0,0,106.44,0
Little Little Princess,111.07,106.56,41.59,39.58,0,106.42,0
Hat Surprise,109.3,100,49.68,0,0,106.41,0
デモーニッシュ,110.46,101.31,16.69,74.96,0,106.39,0
昏き甲鉄のヴェルガ,91.93,84.28,29.58,0,0,106.34,0
Chewingood!!!,108.73,91.41,48.72,0,0,106.32,0
Miracle 5ympho X,104.26,113.14,65.93,0,18.26,106.31,0
BRAINSTORM,112.74,102.63,111.11,0,0,106.2,0
魔法のかくれんぼ,119.04,135.52,10.13,128.63,165.57,106.05,1454
ATHER,117.64,95.7,88.68,0,0,106.02,0
Eine Haube ～聖地の果てにあるもの～,118.36,126.31,25.45,0,0,105.94,0
thunder HOUSE NATION Remix,101.47,90,50,0,0,105.9,0
Moving on,121.82,109.21,41.98,0,0,105.89,0
Voo Doo Bamboleo,96.74,102.62,65.89,0,0,105.83,0
RESISTANCE,100.04,91.41,50.49,0,0,105.83,0
SPACE FIGHT,102.2,102.63,34.13,0,0,105.81,0
共犯へヴンズコード,97.89,92.84,46.54,0,0,105.78,0
rainbow guitar weeps,112.69,115.77,14.59,0,0,105.76,0
オドループ,97.12,87.13,16.85,0,0,105.73,0
新時代,97.33,85.71,24.21,0,22.8,105.7,0
梅雪夜,98.49,98.56,37.82,0,0,105.69,0
Mermaid girl,89.79,92.84,45.25,0,0,105.6,0
カゴノトリ～弐式～,110.23,126.31,13.32,0,0,105.6,0
DIAVOLO,151.03,171.4,52.96,0,0,105.54,1745
TITANS RETURN,118.86,117.09,71.99,0,0,105.54,0
パラドキシカル・タイムリープトライアル(Short Ver.),125.79,101.3,51.81,0,0,105.44,0
Seraph,101.3,107.88,18.03,0,44.05,105.35,0
月と夢の跡 ft. マナ,99.91,91.41,36.13,0,0,105.26,0
聖人の塔,126.71,126.31,14.71,153.55,0,105.19,1567
Necroxis Girl,119.31,111.84,65.14,0,101.18,105.19,0
Nothing but Theory,113.92,103.93,45.01,0,0,105.18,0
GIGA VIOLATE,114.09,109.2,68.07,0,30.45,105.13,0
Light and Cyber…,124.18,113.14,29.22,0,0,105.13,0
リグレット,90.03,84.28,38.61,0,0,105.11,0
XANADU OF TWO,103.51,94.28,24.54,0,0,105.07,0
取り残された美術(Arranged:HiZuMi),102.26,87.13,47.61,0,0,104.98,0
お願いアインシュタイン,102.08,91.41,29.99,0,0,104.96,0
crew,120.13,118.41,33.11,0,0,104.95,0
CONCEPTUAL,118.42,103.94,42.79,0,0,104.94,0
花冠 feat.Aikapin,106.66,110.52,161.62,57.29,0,104.88,0
do the thing feat. Kanae Asaba,94.95,82.85,53.75,0,0,104.79,0
Won(*3*)Chu KissMe!,105.82,97.12,40.89,0,0,104.78,0
A,98.58,106.57,25.07,68.69,0,104.77,1260
Time To Empress,111.16,94.28,34.86,0,0,104.75,0
COSMIC☆WONDER☆REVOLUTION,94.38,80,30.8,0,0,104.75,0
Hollywood Galaxy,122.26,136.83,21.75,0,146.18,104.63,0
うさ☆かめ 大戦争！,107.31,97.13,80.25,0,0,104.63,0
Move UR Body,110.62,102.62,51.61,0,39.95,104.62,0
CROSSROAD ～Left Story～,96.42,85.7,39.05,0,0,104.56,0
I'm so Happy,120.21,109.2,81.16,0,0,104.54,0
Euphoric Lagoon,103.69,100,18.99,0,0,104.5,0
No.13,132.83,118.42,52.38,0,0,104.49,0
passionate fate,93.64,91.41,78.06,0,0,104.46,0
曼荼羅恋々,110.39,98.57,53.15,0,0,104.43,0
Sun Field,112.66,106.56,61.19,0,0,104.34,0
IDC feat.REVERBEE (Mo'Cuts Ver),95.06,90,157.01,0,2.8,104.3,0
Scarlet Moon,122.68,103.93,54.68,0,84.37,104.29,0
LESSON 5,96.66,84.28,22.88,0,0,104.29,0
moon_child,101.43,121.05,49.46,35.9,0,104.26,0
Beast mode,104.83,106.57,44.88,0,76.05,104.25,0
Ah Hah Yeah,100.08,107.88,87.52,116.71,0,104.21,0
Marie Antoinette,100.94,87.13,37.55,62.31,0,104.2,0
開きたまえ！Next stAge！,114.91,92.85,99.57,0,0,104.13,0
LOVE SHINE,105.03,103.93,49.01,0,0,104.03,0
響花水月,118.84,114.48,37.25,0,0,104.01,0
朝焼けから始まるボクらの小さな旅,107.92,140.77,37.55,69.06,1.39,103.97,0
"satellite020712 from ""CODED ARMS""",111.79,105.25,71.18,0,0,103.89,0
#The_Relentless,110.73,109.21,59.99,0,4.67,103.86,0
XENON II ～TOMOYUKIの野望～,130.96,110.51,34.45,0,59.37,103.84,0
Rosa azuL,122.05,100,75.93,0,0,103.82,0
Ruler or Loser,109.38,101.3,32.13,0,29.13,103.73,0
WAR GAME,84.35,105.25,111.9,0,0,103.62,0
1st Samurai,123.2,106.57,89.56,17.97,0,103.57,0
GIGA THRASH,111.77,109.2,67.47,0,20.75,103.57,0
Angelic Jelly,115.92,131.56,50.57,0,0,103.56,0
Night sky,117,121.05,53.16,0,76.38,103.48,0
Digitank System,89.54,92.85,144.09,0,0,103.45,0
Bahram Attack-猫叉Master Remix-,95.63,103.94,15.36,0,0,103.43,0
Rowdy,103.64,88.56,84.16,0,98.74,103.38,0
NEW GENERATION -もう、お前しか見えない-,106.65,126.32,70.04,0,0,103.38,0
怪物,96.17,81.41,22.08,0,0,103.34,0
Bad Routine,79.98,88.56,47.14,0,0,103.29,0
HEISEI,102.75,100,15.06,0,102.34,103.28,0
The Sky of Sadness,105.77,97.13,17.75,0,0,103.25,0
Rubrum Piano,118.68,109.21,46.22,0,0,103.16,0
涙のテ・エストラーニョ・ムーチョ,113.14,95.7,41.15,0,105.45,103.11,0
Go Beyond!!,96.21,176.78,63.71,0,0,103.06,1166
Amazing Mirage,109,101.3,86.92,0,8.11,103.04,1684
Sparkle Smilin',106.89,98.57,35.7,0,85.62,103.02,0
LADS,93.12,82.84,45.81,0,0,103,0
Into The Madness,107.12,107.87,77.69,0,30.92,102.91,0
rottel-da-sun,102.55,98.56,104.06,0,0,102.91,0
PIRATES BLADE,90,85.7,58.46,0,0,102.9,0
SAMURAI-Scramble,93.76,97.13,175.31,0,0,102.85,1232
オールトの雲,105.62,110.52,26.5,0,66.85,102.85,0
Serious?,98.55,94.28,124.56,0,0,102.85,0
Apocalypse ～dirge of swans～,92.64,103.93,49.47,0,0,102.84,0
Take My Life,122.89,114.47,33.1,0,0,102.83,0
STAR BEAT,103.09,88.56,76.93,0,72.35,102.78,0
Snake Stick,124.21,110.51,178.48,0,0,102.77,1447
Get On Your Feet,112.33,107.88,50.26,0,103.12,102.76,0
PHASE SHIFT MANEUVER,113.35,107.89,41.65,0,71.7,102.75,0
X-ray binary,114.24,97.13,20.53,0,0,102.74,0
AFRO KNUCKLE,95.55,130.26,59.05,0,0,102.71,0
Hypersonik,98.83,89.99,29.99,0,0,102.69,0
Scripted Connection⇒ A mix,125.35,117.1,25.5,0,0,102.68,0
おーまい！らぶりー！すうぃーてぃ！だーりん！,118.12,91.41,53.49,0,0,102.59,0
Bounce Bounce Bounce,96.46,94.27,102.86,0,0,102.58,0
Playing With Fire,112.02,107.88,74.8,0,67.67,102.53,0
Ocean Blue feat. Luschel,98.23,95.71,47.75,0,0,102.53,0
Expanded !!,98.32,89.99,51.93,0,0,102.45,0
水無月の雫 ft. 小林まな,105.36,92.84,35.65,0,0,102.45,0
AMRITA -不滅ノ花-,111.27,95.7,53.34,0,15.14,102.43,0
Hurry Hurry,89.84,84.27,34.44,0,0,102.36,0
Saturn,115.53,102.63,20.84,0,0,102.25,0
Session 1 -Genesis-,107.92,113.16,24.72,14,74.02,102.22,0
ぷろぐれっしぶ時空少女！うらしまたろ子ちゃん！,104.37,100,66.28,0,0,102.19,0
Nasty Techniques,102.47,109.21,42.95,0,89.39,102.15,0
garden,84.86,94.26,64.06,0,0,102.08,0
VANESSA,127.13,122.36,78.44,0,0,102.04,0
SOLID WYVERN,118.2,100,54.27,0,0,102.04,0
Second Heaven,86.74,118.42,33.11,0,0,101.99,0
LADYBIRD,111.58,106.57,67.2,0,9.99,101.9,0
CODE:0,114.45,102.63,124.28,0,0,101.9,0
Temple of Anubis,100.18,97.14,95.5,0,28.78,101.84,0
おとせサンダー,104.18,85.7,44.64,0,0,101.84,0
Xepher,122.74,102.62,31.17,0,0,101.71,0
Usual Days-remix,116.09,100,44.64,0,0,101.65,0
Break Stasis,104.93,101.3,38.99,0,6.08,101.53,0
ChaserXX,112.76,101.31,48.05,0,0,101.47,0
2 Player,102.56,88.56,22.37,51.21,60.2,101.44,0
Recollection,82.69,94.28,26.93,0,0,101.44,0
Boundary,89.84,82.85,34.91,0,0,101.42,0
Sunny Day Vibes,98.89,95.71,32.57,0,160.01,101.41,0
Take It Easy,99.42,98.57,31.06,0,0,101.35,0
GET UP AGAIN,104.81,90,47.95,0,74.52,101.28,0
shuriken,104.72,91.42,33.49,0,70.05,101.23,0
罪過の聖堂,85.52,98.56,30,200,9.36,101.16,1080
Danza Aestas,121.26,97.13,26.16,0,0,101.16,0
GRADIUS 2012,104.59,95.7,53.57,0,95.43,101.12,0
Chronos,103.27,106.56,59.31,0,133.78,101.08,0
MINT,120.51,106.57,16.67,0,0,100.99,0
CaptivAte～裁き～(SUBLIME TECHNO MIX),90.51,92.84,49.27,0,0,100.98,0
夕焼け ～Fading Day～,120.14,102.63,46.23,0,0,100.95,0
Honey Trap,102.34,92.85,91.17,0,0,100.89,0
Programmed Sun,101.31,109.2,42.84,0,42.17,100.88,0
たからもの,81.85,82.85,19.1,0,0,100.88,0
CoMAAAAAAA,98.68,84.27,47.02,0,0,100.86,0
鉄甲乙女-under the steel-,88.31,82.84,19.33,0,0,100.86,0
Claiomh Solais,86.47,77.13,25.74,0,0,100.83,0
Parvati,119.27,119.72,52.12,0,0,100.71,0
Follow Tomorrow,91.33,92.84,41.94,0,0,100.67,0
Overslept,107.46,106.57,32.51,0,0,100.63,0
NEW SENSATION -もう、あなたしか見えない-,109.81,89.99,33,0,84.36,100.61,0
Linus,97,100,24.93,116.31,0,100.57,0
Swarm Of Scarabs,108.91,100,111.55,0,60,100.55,0
ぐだふわエブリデー,126.57,106.57,27.6,0,0,100.53,0
Aegis,109.33,109.21,70.9,0,88.99,100.52,0
SEITEN NO TERIYAKI,102.11,101.31,56.28,0,0,100.51,0
ビューティフルレシート,89.48,95.71,51.32,0,0,100.51,0
Inner Spirit,114.88,111.84,74.63,0,0,100.47,0
Just a Little Smile,102.41,97.14,138.84,0,0,100.44,0
Arabian Rave Night,120.2,106.56,29.1,0,0,100.41,1888
Battle Train -IIDX Edition-,131.25,102.62,25.5,0,0,100.41,0
Onyx,106.53,97.13,23,132.88,100.22,100.4,1214
Kick Out 仮面,80.34,72.84,18.32,0,0,100.38,0
"Hands Up feat. kradness BEMANI Sound Team ""Sota Fujimori"" Remix",101.03,95.7,29.85,0,0,100.36,0
蛇神,113.46,122.35,27.57,0,119.09,100.34,0
Make Me Your Own,88.72,94.28,62.48,0,0,100.34,0
EMOTiON TRiPPER,94.12,87.13,39.34,0,43.39,100.33,0
GIGA RAID,98.52,95.71,51.68,0,106.42,100.28,0
Cleopatrysm,109.47,110.52,55.33,0,0,100.28,0
ANAGMA,103.84,95.7,50.84,0,0,100.28,0
Drive Me Crazy,96.67,84.27,54.78,0,0,100.26,0
Fly Above,76.37,74.27,16.97,0,0,100.23,0
Uh-Oh,95.93,100,145.92,0,0,100.17,0
The Sealer ～ア・ミリアとミリアの民～,85.72,85.7,30.74,41.98,0,100.14,0
コスモス,94.82,84.27,18.43,0,0,100.06,0
Blind Justice ～Torn souls， Hurt Faiths ～,92.86,100,16.29,26.3,0,99.97,0
Little Star,135.8,113.15,73.82,0,0,99.96,0
雪月花,110.24,118.41,63.65,0,0,99.92,0
Rub-a Dub-a,93.21,87.14,74.55,0,12.66,99.9,0
Make A Difference,94.36,92.84,40.47,0,0,99.86,0
ToyCube Pf.(RX-Ver.S.P.L.),91.32,79.99,32.88,40.47,0,99.81,0
BRAVE GLOW,99.9,84.28,68.1,0,0,99.73,0
Souhait bleu,115.71,98.56,39.53,0,170.56,99.72,1407
突撃!ガラスのニーソ姫!,93.67,89.99,50.56,0,33.59,99.66,0
超!!遠距離らぶメ～ル,102.56,90,34.81,0,0,99.65,0
27th style,103.37,98.57,145.15,0,0,99.5,0
Be a Hero!,122.31,101.3,94.04,0,0,99.47,0
S!ck,107.89,111.83,84.17,0,16.09,99.43,0
Fly Above (Vicissitude Remix),100.25,101.3,37.12,0,0,99.43,0
Aurora,107.23,107.89,38.44,0,0,99.37,0
AO-∞,108.36,94.27,70.04,0,0,99.22,0
Globe Glitter,113.03,102.62,54.73,0,0,99.19,0
being torn the sky,79.95,85.7,5.82,0,0,99.17,0
Overload Frontier,105.24,97.13,125.01,0,0,99.14,0
switch,102.11,107.88,33.4,0,0,99.14,0
Light Shine,93.39,87.14,37.18,0,121.83,99.13,0
bass 2 bass,94.41,87.13,153.45,0,0,99.13,0
Crazy Jackpot,121.05,100,81.67,0,0,99.13,0
Mr.T.(take me higher),84.58,81.41,29.1,0,0,99.09,0
HIGH,97.55,94.28,59.44,0,0,99.03,0
DREAM OF SPACE UFO ABDUCTION,109.66,107.88,15.72,0,0,99,0
Rejection Girl,107.97,131.56,61.66,0,140.8,98.98,0
And-RoiD,91.31,89.99,14.51,0,2.02,98.97,0
THE BLACK KNIGHT,116.27,123.67,13.08,0,143.01,98.94,0
Fading Stars,109.45,88.57,45.49,0,0,98.9,0
Synergy For Angels,117.3,102.62,29.89,0,0,98.66,0
Surf on the Light,91.86,92.85,37.11,101.31,8.27,98.65,0
SCORE,88.73,75.7,38.6,0,0,98.59,0
Lucy,94.15,94.27,27.61,0,0,98.49,0
HYENA,117.14,103.93,75,0,0,98.42,0
Only for now,91.74,71.42,17.61,0,0,98.32,0
INVISIBLE STRIX,102.08,106.57,65.36,0,0,98.31,0
planarian,109.15,94.28,19.26,0,0,98.14,0
疾風迅雷,126.37,113.16,24.03,0,0,98.08,0
SINOBUZ Fantasy,95.31,95.7,62.19,0,0,97.96,0
Party Starter,93.16,101.3,24.36,0,0,97.76,0
BRIDAL FESTIVAL !!!,86.72,85.7,36.36,0,0,97.73,0
NO LIMIT -オレ達に限界は無い-,93.94,102.62,112.26,0,0,97.67,0
Devilz Sacrifice -贖罪の羊-,114.64,106.56,36.31,0,9.36,97.63,0
beatAffection,97.26,85.71,32.22,0,31.61,97.62,0
青の洞窟,119.13,134.2,28.74,0,0,97.58,0
BEAUTIFUL ANGEL,101.26,94.28,34.11,0,0,97.5,0
"Next Tales 2 Oath (IIDX 20th Anniv ""Ring"" Theme)",113.31,115.78,42.25,0,1.39,97.28,0
Go Faraway,99.05,95.71,37.26,0,0,97.28,0
Bloody Tears(IIDX EDITION),96.16,87.13,51.22,0,0,97.27,0
Abyss -The Heavens Remix-,101.19,94.27,43.43,0,0,97.23,0
Breakin' Chain,93.91,85.7,55,0,9.2,97.14,0
TOGAKUSHI,110.8,115.78,22.83,0,176.9,97.07,1343
COSMIC RAY,143.09,127.63,77.38,0,119.43,97.06,0
十六夜セツナ,90.29,98.57,46.48,0,92.08,96.99,0
PLEASE DON'T GO,103.32,109.21,69.19,0,0,96.95,0
あいつら全員同窓会,105.07,94.28,25.22,0,0,96.93,0
Do Back Burn,103.24,88.57,112.9,0,103.58,96.87,0
Ypsilon,119.01,98.56,34.28,0,0,96.82,0
駅猫のワルツ,137.52,128.94,84.88,0,0,96.65,0
Love Me Do,86.93,87.14,38.31,0,0,96.63,0
Like+it!,118.64,102.63,80.87,0,0,96.62,0
中華急行,114.01,92.85,34.15,0,0,96.6,0
マチ子の唄,76.1,75.71,39.38,0,0,96.55,0
《GRANDMASTER》,122.87,110.52,57.13,0,44.64,96.53,0
REMINISCENCE,94.44,91.42,45.94,0,0,96.5,0
ΕΛΠΙΣ,127.07,115.78,20.23,0,0,96.49,0
セピアの軌跡 ft. 天宮みや(少女フラクタル),93.7,81.42,27.17,0,2.8,96.48,0
Battleground,107.92,114.46,61.22,0,0,96.47,0
ここからよろしく大作戦143,95.95,78.56,39.26,0,0,96.43,0
バ→ビ→ブ→Bomb!,106.31,105.25,76.62,0,44.37,96.4,0
ICARUS,97.08,160.72,51.09,176.68,0,96.39,1301
POLKAMANIA,123.12,109.21,107.63,0,8.42,96.38,0
SEQUENCE CAT,112.69,98.58,24.39,0,0,96.38,0
Chemical Cookie,101.9,92.85,64.56,0,0,96.26,0
tripping contact(teranoid&MC Natsack Remix),103.32,113.14,52.05,0,0,96.24,0
Insane Techniques,97.19,102.62,102.49,0,0,96.15,0
one or eight,118.3,126.31,108.73,0,0,95.62,0
Turii ～Panta rhei～,100.52,87.13,41.31,0,0,95.62,0
DAY DREAM,117.37,123.68,32.61,159.6,0,95.5,1075
眠りの国のステラ,110.93,91.42,45.24,0,99.21,95.46,0
Around The Galaxy,100,85.81,17.84,0,0,95.4,0
龍と少女とデコヒーレンス,118.73,106.57,24.54,0,0,95.35,0
BLACK JACKAL,99.28,87.13,80.1,0,39.99,95.32,0
La dolce primavera,96.74,98.57,15.39,0,8.43,95.27,0
STOIC HYPOTHESIS,114.43,89.99,49.72,0,0,95.27,0
STELLAR WIND,113.32,110.52,43.99,0,0,95.27,0
Do it!! Do it!!,86.38,113.14,88,0,0,95.19,0
Cosmic Cat,90.71,95.7,56.67,0,0,95.19,0
ミッドナイト☆WAR,108.58,101.3,48.3,0,81.53,94.75,0
Medicine of love,84.99,78.56,48.61,0,0,94.71,0
Ascalon,98.31,87.13,52.6,0,0,94.54,0
Virus Funk,90.04,81.41,61.55,0,116.02,94.5,0
Click Again,93.02,88.57,74.74,0,0,94.48,0
As You Want,102.36,101.3,49.66,0,39.91,94.4,0
エディブルフラワーの独白,89.67,88.56,15.28,0,0,94.36,0
Sweet Radar,89.44,72.84,41.52,0,0,94.19,0
MIRACLE MEETS,90.03,119.72,24.41,0,176.21,94.12,1128
カジノファイヤーことみちゃん,110.05,109.2,139.18,0,30.61,94.12,0
the shadow,109.66,100,31.84,0,0,94.01,0
セカンドピアス,80.57,78.56,30.64,0,0,94.01,0
State Of The Art,124.34,101.29,17.3,0,0,93.92,0
dica dica,131.92,107.88,119.02,0,0,93.85,0
ABSOLUTE (kors k Remix),101.52,105.25,49.27,0,156.9,93.66,0
Tell me what you wish feat.らっぷびと,105.37,84.28,16.02,0,0,93.4,0
"You'll say ""Now!""",124.29,121.05,31.93,0,0,93.28,0
XINOBIKILL,115.91,100,23.46,0,135.99,93.12,0
Dawn Saga,110.77,109.19,29.86,0,115.94,92.99,0
Let me be your cure,101.35,91.41,18.68,0,0,92.92,0
DISPARATE,110.38,97.13,100.54,0,0,92.81,0
SURVIVOR,79.13,80,21.03,0,0,92.81,0
Amor De Verao,98.17,94.27,58.14,0,0,92.8,0
405nm (Ryu☆mix),116.13,113.15,28.6,0,0,92.79,0
Empire State Glory,111.8,94.28,38.6,0,0,92.72,0
ALL MY TURN -このターンに、オレの全てを賭ける-,106.1,119.73,38.81,0,0,92.71,0
Theory,103.76,101.31,155.49,163.07,0,92.69,1342
Brave Spirits,102.11,89.98,27.95,0,78.27,92.6,0
I FIGHT ME,85.77,94.28,5.84,0,0,92.6,0
仮想空間の旅人たち,106.46,94.27,14.43,0,0,92.49,0
Geirskogul,87.45,100,53.65,0,33.52,92.33,0
狂水一華,111.23,95.71,65.65,0,14.99,92.33,0
Programmed World,94.23,106.56,25.42,0,0,92.12,0
Central Station,100.22,85.71,71.65,0,0,91.96,0
深愛のリグレット,92.73,79.99,42.57,0,27.88,91.95,0
The Story Begins,92.05,89.99,38.09,0,0,91.86,0
Fire Beat,111.97,110.52,42.77,64.15,1.86,91.8,0
乱膳の舞姫,115.6,110.51,31.68,0,138.29,91.76,0
霧幻メモリア,87.3,82.84,26.03,0,59.89,91.73,0
ACCELERATE,97.28,82.84,44.96,0,0,91.68,0
Squeeze,116.12,107.89,48.44,0,0,91.57,0
Aublia,101.56,98.56,34.74,0,79.47,91.44,0
白露の風,84.17,75.71,55.41,0,0,91.34,0
華爛漫 -Flowers-,94.73,84.28,35.53,0,0,91.34,0
ANDROMEDA,106.74,106.57,13.97,0,0,91.34,0
メイメツ、フラグメンツ,94.8,87.14,35.79,0,0,91.25,0
FUTURE is Dead,94.03,101.31,48.79,150.08,0,91.17,1151
Do What You Want,97.27,100,63.48,0,61.55,91.15,0
The Chase,92.47,103.93,179.93,0,30.91,91.12,1148
Cranberry City ft. Luschel,99.42,82.85,39.91,0,65.4,91,0
into the battlefield,99.1,94.28,21.17,0,0,91,0
STEEL NEEDLE,105.2,107.89,50.73,0,0,90.97,0
忍恋花,106.13,101.3,32.52,0,0,90.97,0
ROCK女 feat. 大山愛未， Ken,117.36,105.26,44.06,0,127.89,90.95,0
Jack,102.92,107.88,16.56,0,0,90.91,0
サクラあっぱれーしょん,98.05,74.27,27.56,0,0,90.89,0
MAD ATTACK,91.41,90,84.66,0,0,90.79,0
HAT TRICK,95.46,87.13,69.04,0,13.27,90.73,0
I Love You,110.23,100,40.7,0,4.05,90.66,0
THE LAST STRIKER,102.32,110.51,14.03,0,0,90.63,0
Lost wing at.0,99.25,94.27,41.27,0,60.45,90.58,0
Queen Kaguya,106.51,106.56,50.76,0,93.88,90.48,0
QUANTUM TELEPORTATION,111.45,101.31,39.23,0,0,90.42,0
純真可憐デザイア,91.7,84.27,49.59,0,0,90.31,0
Ska-sh All Neurons!!,92.52,79.99,41.26,0,8.11,90.29,0
naughty girl@Queen's Palace,92.06,92.84,154.43,0,0,90.18,0
Hello Happiness,112.74,103.93,104.05,0,0,90.14,0
No Limit 2 dAnce feat. 大山愛未,95.94,95.71,52.03,0,0,90.05,0
BREAK OVER,90.37,100,64.21,16.24,0,89.72,0
SHOOTING STAR,92.3,91.41,24.63,0,0,89.72,0
Static State,98.08,109.21,47.52,0,69.68,89.68,0
toy boxer,102.45,88.57,17.28,0,0,89.6,0
TRANOID,120.03,117.1,46.75,56.98,0,89.37,0
ベィスドロップ・フリークス,97.18,91.42,65.04,0,4.04,89.29,0
Perfect Plan,99.26,101.31,33.21,0,144.57,89.27,0
CaptivAte2～覚醒～,106.43,107.89,36.82,0,0,89.24,0
Express Emotion,102.7,82.85,32.96,0,0,89.15,0
gigadelic,98.7,123.67,67.98,0,0,88.83,0
Ganymede,90.27,109.2,24.12,36.57,0,88.82,0
SCHWARZSCHILD FIELD,114.36,139.46,95.36,0,0,88.81,0
下弦の月,80.23,81.41,27.46,0,0,88.8,0
Destiny Sword,112.93,84.27,56.97,0,0,88.77,0
Sweet Clapper,78.82,70,33.54,0,0,88.76,0
IMPLANTATION,120.85,121.04,14.37,0,0,88.69,0
Musik LoverZ,103.58,107.88,65.46,0,0,88.67,0
GENERATE feat.綾倉盟,92.11,84.28,17.6,0,0,88.65,0
Yum Yum Jelly,105.38,121.05,43.98,0,106.84,88.63,0
Daisuke,97.81,94.27,24.24,0,0,88.63,0
DROP,109.23,119.72,32.13,0,0,88.57,0
LUV CAN SAVE U,83.73,67.13,26.24,0,0,88.45,0
Answer,95.12,84.28,39.05,0,0,88.41,0
ZED,110.13,115.77,21.12,0,0,88.38,0
DM STAR～関西 energy style～,96.71,78.56,17.52,0,0,88.34,0
199024club -Re:BounceKiller-,98.21,102.62,176.24,0,0,88.29,1260
OOO,88.24,74.27,23.62,0,0,88.26,0
Quickening,101.67,95.71,17.42,0,0,88.24,0
零 - ZERO -,92.86,88.56,48.33,0,0,88.22,0
Next Level,91.97,85.7,60.3,0,85.27,88.21,0
陽炎,95.08,77.13,25.36,0,0,88.16,0
Let The Track Flow,114.95,113.14,28.78,0,0,88.04,0
Sphere,99.46,109.2,33.91,0,0,88.03,0
Rock Da House,103.37,91.42,48.06,0,0,88.02,0
PHOTONGENIC,88.02,95.7,13.08,0,0,88.02,0
!Viva!,88.83,81.41,36.37,0,33.81,87.98,0
Yellow Sketch(RX-Ver.S.P.L.),118.13,100,22.68,0,18.42,87.96,0
ANAGRAMS I to Y,90.7,75.7,31.84,0,0,87.74,0
refractive index,115.22,92.85,39.49,0,0,87.7,0
Roots of my way!,76.92,81.42,31.7,0,0,87.7,0
Element of SPADA,79.45,81.41,11.6,0,0,87.52,0
Cyber Force,100.82,85.71,7.33,0,0,87.49,0
Tizona d'El Cid,91.9,81.42,33.52,0,0,87.43,0
ILIAS,94.94,87.13,27.53,0,0,87.25,0
Beat Juggling Mix,93.52,123.68,143.66,113.54,0,87.23,0
D,105.89,107.88,53.46,159.07,3.27,87.04,1313
DESTINY,88.72,82.84,45.42,0,0,86.98,0
Harmonia,104.63,75.71,41.38,0,0,86.89,0
Blue Rain,96.56,110.52,21.42,0,0,86.86,0
THE TIME MACHINE,110.99,107.88,56.9,0,2.02,86.7,0
Hydrogen Blueback,101.99,95.7,44.45,0,0,86.69,0
バスルーム ロマンス,100.31,87.13,23.79,0,0,86.56,0
バビロニア,72.8,71.42,36.11,0,0,86.53,0
Be quiet,93.49,107.88,55.02,0,0,86.5,0
BABY LOVE,86.79,91.41,59.22,0,0,86.42,0
超青少年ノ為ノ超多幸ナ超古典的超舞曲,107.77,113.15,5.8,0,0,86.37,0
ALIEN TEMPLE,80.63,87.13,32.78,0,0,86.36,0
ILAYZA,124.97,95.7,22.22,0,89.42,86.29,0
CARRY ON NIGHT (English version),86.92,87.14,46.41,0,0,86.24,0
楽園追放,106.09,85.71,32.72,0,0,86.23,0
INAZUMA,114.86,101.3,21.4,0,0,86.19,0
smooooch・∀・,92.62,88.56,56.38,0,0,86.03,0
Odin,76.63,91.41,62.86,71.99,0,86.02,0
rough percussionythm,100.61,87.13,150.13,0,110.95,85.89,0
OVER VOLTAGE,101.37,100,115.74,0,27.8,85.87,0
Sakura Mirage,105.69,109.21,69.23,0,35.05,85.8,0
シュッパツシンコウ・シサカンコ,91.74,82.84,15.69,0,0,85.72,0
少年A,100.55,109.21,60.66,54.18,0,85.69,0
Cyber Force -DJ Yoshitaka Remix-,92.51,92.84,58,0,0,85.67,0
Several Words,96.68,85.7,17.31,0,48.27,85.64,0
R5,93.04,101.3,37.36,0,0,85.63,0
タシカナモノ,81.1,74.28,31.67,0,0,85.56,0
Damage Per Second,87.26,84.28,35.31,0,31.25,85.38,0
Stepper,98.75,88.56,32.56,0,7.49,85.16,0
NoN-Fiction Story!,100.94,84.28,29.09,0,0,84.91,0
EXTREME MACH COLLIDER,105.19,101.3,71.64,0,10.77,84.9,0
月雪に舞う華のように,76.46,77.13,26.22,6.24,32.47,84.74,0
Programmed Life,109.88,91.42,53.1,0,0,84.64,0
ALFARSHEAR 双神威に廻る夢,91.33,100,22.82,0,0,84.64,0
ナイトフィクション,93.98,82.84,27.71,0,0,84.55,0
RISLIM -Remix-,87.64,95.7,43.28,0,0,84.52,0
HOT LIMIT,102.25,81.42,51.17,0,0,84.37,0
Engraved Mark,106.63,91.42,90.91,0,0,84.33,0
Chain of pain,90.54,98.56,14.59,0,0,84.3,0
Modular Technology,121.37,101.32,90.87,0,0,84.24,0
鬼天,108.03,111.83,24.25,0,127.3,84.18,0
B4U,101.59,113.16,94.1,0,0,84.17,0
Hella Deep,76.63,85.69,116.72,29.7,11.25,84.05,0
Believe In Me,99.08,97.14,33.32,0,0,84.05,0
PROMISE FOR LIFE,65.83,64.27,15.88,0,0,84.02,0
Nowhere,89.92,95.7,33.93,0,0,83.9,0
beatonic nation,81.84,87.13,33.27,0,0,83.87,0
《ORDERBREAKER》,102.69,87.14,59.52,0,167.54,83.84,1257
alla turca con passione,92.15,97.13,40.16,0,0,83.84,0
ANEMONE,89.38,77.14,15.22,0,20.27,83.8,1069
DIVE ～INTO YOUR HEART～,85.42,101.3,32.69,0,0,83.78,0
システムロマンス,77.3,88.57,15.41,0,0,83.71,0
TRIP MACHINE PhoeniX,97.77,110.53,60.95,65.74,0,83.7,0
No Day But Today!,97.25,82.84,53.84,0,25.14,83.58,0
合体せよ！ストロングイェーガー！！ (Ryu☆ remix),80.97,110.52,39.44,0,0,83.54,0
Fly you to the star,95.49,88.57,52.3,0,0,83.47,0
So Fabulous !!,96.65,134.21,20.09,0,0,83.46,0
Adularia,119.69,109.2,13.83,0,174.01,83.42,1449
犬に雨傘,82.18,74.27,20.71,0,36.08,83.28,0
星屑ディスタンシア,87.66,84.27,41.65,0,0,83.04,0
ABSOLUTE,97.58,82.84,23.92,89.71,0,82.95,0
MARIA (I believe... ),84.02,87.14,45.46,0,0,82.95,0
Castle on the Moon,123.13,114.47,60.48,0,0,82.87,0
冬椿 ft. Kanae Asaba,91.85,78.56,51.96,0,0,82.87,0
Super Duper Racers,96.81,87.14,52.36,0,0,82.68,0
P.O.W.E.R.,96.88,94.27,80.34,0,0,82.65,0
EURO-ROMANCE,81.69,84.27,34.37,0,0,82.59,0
Fantastic Merry-Go-Round,82.74,77.13,48.28,0,43.59,82.58,0
bag,100.26,88.56,43.23,0,0,82.52,0
D.C.fish,95.61,101.3,21.28,0,0,82.5,0
俺ら東京さ行ぐだ,85.35,88.57,107.33,39.58,0,82.34,0
OTOKOZAKA,114.17,122.36,31.92,0,0,82.19,0
MOON,89.04,78.56,35.39,0,0,82.12,0
THANK YOU FOR PLAYING,101.08,128.93,18.23,80.35,0,82.09,0
fun,92.36,98.57,51.7,121.85,0,82.06,0
Mind Mapping,79.11,79.99,53.69,0,0,82.06,0
Breakin' Rules,107.71,101.31,29.22,0,0,82.01,0
Neonlights,95.36,85.7,61.64,0,0,81.98,0
Cyber True Color,94.81,100,50.92,0,0,81.97,0
アルストロメリア,98.35,74.27,54.28,0,0,81.95,0
LUV DRIVE,86.9,85.71,45.34,0,34.69,81.9,0
Sarutobi Champion is 拙者,105.55,131.56,73.36,54.54,0,81.82,0
NEWALONE,84.21,75.7,30.3,0,34.45,81.75,0
POODLE,93.7,85.71,40.74,0,0,81.68,0
Urban Constellations,96.49,97.13,31.91,0,142.33,81.66,0
Silvia Drive,90.61,84.27,20.13,0,0,81.61,0
CaptivAte～誓い～,86.68,88.57,24.08,0,0,81.59,0
xenon,126.24,100,32.67,0,0,81.43,0
Lighting Shower,116.99,103.94,54.49,0,0,81.41,0
Frisk And Squeak,100.31,82.84,99.39,0,0,81.39,0
I am,88.61,82.85,18.84,0,0,81.39,0
Beautiful Harmony (IIDX Mix),92.84,113.15,21.16,0,0,81.34,0
SNOW,93.07,98.55,14.36,0,0,81.21,0
S-Bahn,93.14,77.13,8.06,0,0,81.15,0
FINALLY BLAZE,109.81,98.57,69.65,0,29.11,81.05,0
オルタネイトβ,89.83,82.85,23.01,0,0,81.05,0
Last Burning,96.3,84.27,32.81,0,0,81.02,0
シル・ヴ・プレジデント,93.87,81.41,33.39,0,0,80.91,0
廿,94.9,97.14,100.76,39.94,0,80.87,0
Sweet Sweet Magic,109.59,92.84,29.39,0,0,80.83,0
New Castle Legions,113.97,106.56,52.11,125.86,124.48,80.76,1418
Donkey Donk,92.31,84.28,54.96,0,160.76,80.55,0
Prohibited Props,96.83,94.27,55.59,0,0,80.52,0
Programmed Genom,95.35,92.84,52.08,0,0,80.3,0
ＵＬＴｉＭΛＴＥ,83.1,91.42,40.92,0,0,80.22,0
幻想系世界修復少女,99.53,84.27,45.22,0,0,80.14,0
Non Stop Rock,80.57,91.42,113.26,0,50.3,79.93,0
GENOCIDE,123.04,102.64,45.47,0,0,79.92,0
星をこの手に,95.04,80,60.47,0,0,79.9,0
HIGH VOLTAGE,89.7,78.56,55.78,0,72.17,79.82,0
ラキラキ,95.02,85.7,29.73,0,0,79.75,0
Rewind Time,89.65,69.99,54.28,0,0,79.74,0
恋は白帯、サンシロー,81.99,77.13,33.34,0,0,79.74,0
RED ZONE,107.83,97.13,39.14,0,0,79.72,0
Wuv U,89.47,89.99,59.81,0,0,79.69,0
まほろば,87.31,91.42,43.11,0,0,79.68,0
STARLIGHT JUNCTION,92.78,85.7,41.14,0,0,79.68,0
黒紅掬い,74.82,71.42,33.32,0,0,79.68,0
Glitch Nerds,90,94.27,71.33,0,79.67,79.64,0
Catch Me,81.97,77.13,91.68,0,0,79.6,0
ハイテックトキオ,111,95.7,103.78,0,67.28,79.45,0
HAPPY☆ANGEL,92.07,84.28,45.9,0,0,79.44,0
神っぽいな,97.69,80,86.49,0,0,79.38,0
take me higher,86.62,84.27,45.38,0,38.11,79.34,0
愛しくてラヴィンユー ft. マナ,93.83,81.42,31.66,0,0,79.34,0
Get set， Go! feat.Kanae Asaba,86.69,84.27,39.57,0,0,79.24,0
FEEL IT,90.01,121.05,33,0,0,79.22,0
アクマフカ,95.42,80,30.94,0,75.93,79.16,0
禍根,111.94,109.2,20.12,0,0,79.15,0
Winner's Proof ft. KANASA from bless4,92.26,82.84,66.12,0,60.77,79.13,0
Dark Fall,118.17,102.63,54.11,0,109.4,79.08,0
Ariah,87.07,79.99,11.63,0,0,79.03,0
Best of Me,89.53,97.13,33.56,0,0,78.84,0
Infinite cave,85.28,89.99,44.03,0,0,78.72,0
BLUST OF WIND,87.63,72.85,18.31,0,32.41,78.68,0
Rock It,123.26,101.3,35.31,0,0,78.67,0
POINT ZERO,93.19,97.13,20.97,0,0,78.67,0
First Resolution,94.34,82.84,36.37,0,0,78.57,0
Ubertreffen,124.63,113.16,40.42,0,0,78.45,0
G2,96.51,91.42,30.76,0,0,77.93,0
Lost Souls,111.19,105.25,43.9,0,0,77.92,0
Stay my side,63.65,81.42,16.41,0,34.05,77.89,0
MOVE! (We Keep It Movin'),88.28,72.85,48.62,0,47.17,77.88,0
Don't be afraid myself,93.79,102.63,37.85,0,0,77.86,0
麗 ～うらら～,106.51,101.31,39.7,0,0,77.75,0
Mel,87.04,75.7,17.47,0,4.36,77.61,0
Vermillion,114.08,100,42.15,0,0,77.53,0
Almace,93.54,88.56,43.09,0,96.61,77.52,0
LETHEBOLG ～双神威に斬り咲けり～,86.96,88.57,18.81,0,0,77.48,0
When I Met U,91.31,81.41,20.6,0,0,77.44,0
Eternal Tears,56.44,72.85,11.29,0,0,77.29,0
朧,86.15,80,26.05,0,0,77.22,0
STAR FIELD,78.48,75.7,18.72,0,0,76.87,0
Golden Palms,82.72,81.41,50.03,0,118.15,76.84,0
Jetcoaster Windy,91.03,75.69,56.22,0,0,76.82,0
Rainbow after snow,83.88,84.27,7.28,0,0,76.74,0
Agnus Dei,93.16,94.27,52.95,97.38,0,76.66,0
Colors (radio edit),102.76,139.46,17.24,0,0,76.66,0
Voxane,76.32,74.27,35.97,0,0,76.54,0
Summerblue,94.77,82.85,25.77,0,22.8,76.49,0
走馬灯 -The Last Song-,50.1,58.56,19.52,111.73,0,76.46,0
METALLIC MIND,77.23,98.57,60.87,0,0,76.23,0
end of world,99.88,98.56,22.37,0,0,76.16,0
次葉 -turn the page-,90.49,74.27,30.88,0,15.14,76.1,0
Drop It,116.67,100,90.44,0,18.44,76.07,0
Kailua,97.23,102.63,30.83,0,197.6,75.96,1125
stoic,110.93,95.71,28.54,0,0,75.92,0
Why did you go away,96.45,87.14,40.37,0,0,75.9,0
Change Yourself,105.91,98.56,58.11,0,53.9,75.76,0
One More Lovely,128.94,147.36,20.7,0,0,75.75,0
Be OK,98.03,81.41,39.96,0,0,75.68,0
Halfway of promise,78.44,85.7,123.6,0,0,75.57,0
M.D.Injection,101.56,90,32.45,0,0,75.54,0
Sugar Drippin',87.97,74.27,26.97,0,0,75.41,0
BREATH,84.32,113.14,36.5,0,0,75.39,0
Rainstorm,91.02,88.57,26.03,0,0,75.37,0
Acid Pumper,104.19,109.2,47.32,0,163.35,75.35,0
Erosion Mark,94.45,88.57,47.09,0,0,75.17,0
Papilio ulysses,119.71,115.77,139.49,0,149.25,74.96,0
Midnight Lady,75.26,74.27,19.03,0,49.69,74.92,0
Wonder Bullfighter,83.44,101.31,132.83,0,0,74.89,0
D.A.N.C.E.!,74.54,84.28,59.16,0,0,74.83,0
four pieces of heaven,100.61,110.51,59.23,151.35,0,74.74,1225
Double Loving Heart,71.16,67.13,24.51,0,0,74.74,0
BLOCKS,97.61,124.98,16.33,0,0,74.64,0
STILL IN MY HEART,95.94,109.2,33.1,0,0,74.59,0
Rising in the Sun(original mix),98.19,117.1,51.77,0,92.89,74.55,0
Lift Us High,95.5,84.27,56.35,0,0,74.5,0
Back Spin Sweeper,92.05,103.94,71.36,0,44.36,74.49,0
Glory,94.68,78.56,56.46,0,0,74.46,0
From Time To Time,99.91,89.98,2.24,0,0,74.4,0
Alpheratz,82.47,79.99,27.49,0,0,74.28,0
GALGALIM,107.13,101.31,73.65,0,0,74.18,0
Silly Love,86.25,95.7,17.16,70.98,18.88,74.17,0
BLOSSOM,100.3,89.99,25.48,0,30.45,74.13,0
Broken My Heart,87.01,84.28,38.13,0,0,74.13,0
セロトニン,97.7,102.62,47.69,0,38.57,73.97,0
Raspberry Heart(English version),85.79,81.42,48.27,0,0,73.96,0
HYPERION,108.78,98.56,33.75,0,0,73.95,0
ライオン好き,62.52,88.57,25.33,0,0,73.92,0
ヒマワリ,88.46,77.13,50.1,0,0,73.87,0
新宝島,99.91,80,19.01,0,124.82,73.81,0
Around the Future,101.15,107.88,77.08,0,0,73.69,0
Abyss,80.3,80,23.51,0,0,73.64,0
"wanna be a ""BAD GIRL"" feat. Nana Takahashi",82.89,65.7,26.99,0,0,73.54,0
BEMANI PRO LEAGUE Theme,80.17,65.7,25.79,0,0,73.48,0
Special One,89.99,80,24.16,0,0,73.34,0
Monkey Dance,87.66,91.42,17.28,0,0,73.31,0
yellow head joe,116.55,91.42,35.37,0,0,73.3,0
虹色,87.2,74.27,13.59,0,0,73.2,0
chrono diver -fragment-,72.34,65.7,12.29,0,0,73.18,0
OUTER PLANETS,88.59,82.84,38.72,0,152.97,73.11,0
satfinal,84.41,71.42,14.68,0,0,73.08,0
Roulette,88.77,81.42,29.52,0,0,72.99,0
Lucky Days,88.54,91.41,31.34,0,0,72.88,0
Set U Free feat. Kanae Asaba,105.39,114.47,9.51,0,0,72.83,0
Monkey Dance '09,92.69,92.84,24.81,0,0,72.82,0
DENIM,110.41,146.04,26.41,0,0,72.74,0
outer wall,86.14,77.14,57.67,0,0,72.67,0
With your Smile,74.91,68.57,14.53,0,0,72.49,0
Everlasting Last,90.53,78.56,35.78,0,0,72.48,0
snow storm,104.31,94.27,10.23,0,0,72.37,0
Energy Drive,88.53,103.93,20.67,0,126.47,72.3,0
She is my wife,83.82,95.71,36.56,8.22,0,72.29,0
DXY!,107.72,136.84,50.83,0,0,72.13,0
牧神笛吹きて,85.28,101.31,25.58,0,0,71.99,0
SPEED DEMON,97.36,94.28,102.44,0,61.38,71.72,0
TA・DA ☆ YO・SHI,94.05,79.99,48.18,0,72.81,71.68,0
翼,74.31,64.27,12.04,0,0,71.68,0
INORI,110,95.71,15.38,0,0,71.65,0
IIDX RED Ending (Ryu☆Remix),79.17,85.71,21.51,0,108.28,71.6,0
Zenius -I- vanisher,91.87,84.28,18.81,0,0,71.59,0
airflow,62.45,84.28,11.35,71.18,0,71.48,0
Vermilion,106.87,91.4,26.87,0,0,71.46,0
Sleepless days,87.06,74.27,21.72,0,0,71.42,0
SOLITON BEAM,90.99,84.27,8.36,0,0,71.21,0
smooooch・∀・ (Snail's House Remix),91.75,91.41,35.85,0,57.95,71.15,0
BROKEN EDEN,104.28,87.13,34.06,0,0,71.09,0
HYPER EUROBEAT (2DX style),83.06,100,22.6,0,0,70.96,0
ZEPHYRANTHES,117.87,98.56,36.65,0,0,70.85,0
Harmony and Lovely,92.75,103.93,5.38,0,0,70.82,0
大桟橋,78.41,90,33.52,38.21,0,70.77,0
ラクエン,81.98,89.99,126.25,74.77,0,70.75,0
Love Magic,80.95,95.7,35.7,0,0,70.69,0
S!ck (Nhato Remix),105.7,103.93,33.1,0,110.07,70.68,0
BRIGHTNESS DARKNESS,76.71,84.28,38.34,0,0,70.41,0
memories,94.52,82.85,44.04,0,0,70.4,0
O/D*20,90.71,81.41,31.46,0,3.42,70.26,0
Under the Sky,68.65,85.7,21.71,0,0,70.25,0
VIBRΛ,76.01,94.27,54.72,0,38.74,70.17,0
KAMAITACHI,111.75,106.56,46.42,0,0,70.16,0
sync,98.93,114.47,2.98,0,0,70.08,0
murmur twins,98.46,88.57,35.05,0,0,70.05,0
LOVE WILL・・・,79.35,72.84,24.48,0,0,70.05,0
On My Wings(Hardstyle IIDX),80.53,75.71,41.11,0,0,70,0
かげぬい ～ Ver.BENIBOTAN ～,79.21,67.13,36.5,0,35.17,69.95,0
SWEETEST SAVAGE,81.72,103.93,113.37,0,0,69.84,0
Spica,101.69,140.77,32.37,0,0,69.78,0
SPEED ROCKER,101.6,111.85,23.29,0,32.76,69.76,0
lower world,86.22,92.84,30.74,0,0,69.73,0
太陽～T・A・I・Y・O～,77.37,80,46.12,0,0,69.68,0
AGEHA,76.6,91.41,43.55,0,0,69.55,0
罪と罰,86.53,105.26,22.42,0,0,69.49,0
時空トラベローグ,106.65,103.95,30.62,0,0,69.33,0
Somebody Like You,80.06,78.56,105.48,0,0,69.07,0
AIR RAID FROM THA UNDAGROUND,96.07,91.42,13.53,0,0,68.98,0
LOVE IS ORANGE,84.58,74.28,23.19,0,0,68.89,0
QQQ,94.64,85.7,55.6,0,0,68.85,0
Twilight Warp,85.53,74.28,34.51,0,0,68.74,0
I'm Screaming LOVE,73.26,71.41,28.21,0,0,68.74,0
灼熱Beach Side Bunny (Masayoshi Iimori Remix),78.58,98.56,163.77,0,6.55,68.65,0
ナイトシティー・アヴァンチュール,81.69,78.57,23.86,0,0,68.65,0
GREEN EYES,93.94,92.85,50.59,0,0,68.61,0
never…,68.42,70,17.97,0,0,68.58,0
Phoenix,108.95,85.7,35.33,0,0,68.53,0
Tori-no-kimochi,75.03,105.26,10.07,0,0,68.44,0
EMPTY OF THE SKY,67.02,81.41,20.84,0,0,68.33,0
ZERO-ONE,113.37,85.7,20.42,0,0,68.27,0
If,86.47,85.69,26.93,0,59.21,68.23,0
Scripted Connection⇒ N mix,91.91,91.42,53.04,0,0,68.23,0
"水上の提督(Short mix from ""幻想水滸伝V"")",86.42,105.26,15.83,0,0,68.16,0
Arcana,97.7,84.27,11.75,0,105.89,68.12,0
Everlasting Resort,84.02,88.57,20.41,0,104.05,68.05,0
ハイ*ビスカス ft. Kanae Asaba,96.43,84.27,21.64,0,0,68.05,0
クルクル☆ラブ～Opioid Peptide MIX～,90.05,113.15,18.91,0,0,67.99,0
君のハートにロックオン,107.23,97.14,37.83,0,0,67.87,0
HEARTACHE,76.82,71.41,109.77,0,6.86,67.72,0
EXE,99.3,78.57,31.98,0,0,67.7,0
Raison d'etre～交差する宿命～,104.84,82.84,56.08,15.92,0,67.68,0
天空脳番長危機十六連打,111.07,105.26,45.25,0,0,67.62,0
vault of heaven,88.59,88.55,50.48,0,0,67.36,0
Explorer feat. ぷにぷに電機,86.49,77.14,29.69,0,0,67.32,0
Exchange Place,68.96,72.85,25.59,0,0,67.25,0
IDOL syndrome.,83.66,74.28,37.37,0,64.26,67.18,0
Wonderful Escape,84.41,89.99,29.22,0,0,67.17,0
かずあそび,69.59,67.12,48.79,0,5.76,67.11,0
rainbow flyer,84.33,97.13,20.46,0,0,66.97,0
Yellow Sunrise,94.62,88.57,13.83,0,0,66.97,0
HORIZON,76.82,92.84,20.34,0,0,66.96,0
5.1.1.,85.36,77.13,115.96,0,0,66.94,0
Driver,76.65,69.99,85.06,0,0,66.94,0
route 80s,79.5,77.13,93.77,0,0,66.78,0
未来のプリズム,77.65,75.7,13.93,0,19.8,66.68,0
REPLAY,85.28,80,11.97,0,0,66.64,0
m1dy Deluxe,109.09,110.51,100.75,0,0,66.59,0
THE DOOR INTO RAINBOW,88.88,100,49,0,81.14,66.5,0
We are Disっ娘よっつ打ち命,67.84,64.27,36.02,0,0,66.43,0
Elisha,91.64,110.52,19.11,0,170.34,66.41,1152
SPARK IN THE NIGHT,89.4,88.57,48.75,0,2.95,66.39,0
VJ ARMY,97.16,79.99,26.48,69.77,0,66.29,0
In Heaven,85.84,72.84,30.91,0,0,66.27,0
GOBBLE,94.32,114.46,38.08,0,0,66.13,0
Cradle,70.55,91.41,43.52,29.15,0,65.92,0
KHAMEN BREAK,94.2,91.42,60,0,12.8,65.92,0
EZ DO DANCE,82.14,68.56,34.38,0,0,65.83,0
Flash Back 90's,91.05,87.14,57.38,0,0,65.82,0
WISE UP!,76.42,71.41,17.32,0,0,65.81,0
Power of Love,83.72,78.56,9.05,0,0,65.74,0
Abraxas,98.98,101.31,97.62,0,36.61,65.44,0
the trigger of innocence,68.2,65.71,0.52,0,0,65.44,0
BLUE STRAGGLER,114.96,113.15,41.61,0,0,65.27,0
beatchic☆仮面～好き、でいさせて～,83.55,74.28,36.5,0,0,65.16,0
Rise'n Beauty,85.8,80,5.12,0,0,65.12,0
symbolic,92.36,89.99,31.33,0,0,65.03,0
エコ爺,73.84,61.41,6.98,0,0,65,0
Mermaid girl-秋葉工房 MIX-,78.88,65.7,27.89,0,0,64.91,0
Close my Eyes for Me,75.02,74.27,102.88,32.91,0,64.84,0
ヨシダさん,74.65,64.26,19.27,0,0,64.69,0
Blueberry Stream,78.16,95.7,23.54,0,0,64.44,0
ラストセンチュリーメランコリック,84.54,85.7,56.7,0,153.25,64.42,0
Round and Round,84.78,81.42,61.88,0,0,64.38,0
LAB,94.1,88.57,44.64,0,0,64.16,0
spiral galaxy,99.28,95.71,25.39,0,0,64.12,0
SPEEDY CAT,86.77,87.13,35.04,0,0,64.07,0
Shining World,77.66,75.71,11.58,0,0,63.97,0
紅蓮華,79.71,70,30.26,0,0,63.82,0
Liquid Crystal Girl feat. echo,79.28,64.28,28.47,0,0,63.72,0
Midnight Drive,82.12,72.85,149.88,81.6,0,63.64,0
GRADIUS -FULL SPEED-,88.82,106.57,14.45,120.79,0,63.61,0
quasar,91.88,109.21,12.67,0,0,63.54,0
Blue Bird feat. Kanae Asaba,71.38,61.41,39.87,0,0,63.4,0
Howling,93.41,78.56,63.2,0,0,63.37,0
Get'em up to R.A.V.E,85.72,81.41,42.07,0,0,63.31,0
Luv 2 Feel Your Body,75.92,82.84,18.44,0,0,63,0
808monkey,77.42,82.85,29.61,0,0,62.99,0
PLASMA,89.89,75.71,6.28,0,0,62.98,0
Karma,88.29,91.41,59.11,0,0,62.94,0
In The Breeze,82.78,79.99,37.01,35.94,0,62.87,0
Freeway Shuffle,90.65,98.56,32.7,0,0,62.83,0
Far east nightbird,84.67,81.41,13.83,0,0,62.82,0
ANDROMEDA II,103.88,98.57,13.85,0,0,62.68,0
CaptivAte～裁き～,85.65,88.56,35.47,0,0,62.46,0
Twelfth Style,81.09,107.88,21.15,0,0,61.66,0
double thrash,96.22,85.7,67.42,0,0,61.58,0
TYPE MARS(G-Style Mix),100.43,98.56,31.93,0,0,61.55,0
DoLL,68.59,67.13,25.9,0,0,61.5,0
Schlagwerk,87.71,80,18.83,0,0,61.44,0
madrugada,77.82,105.26,18.59,0,0,61.44,0
I know You know,77.6,68.57,46.41,0,0,61.37,0
Backyard Stars,93.82,101.31,29.59,0,0,61.33,0
Mars beach,90.93,81.41,33.45,0,0,61.3,0
踊,75.02,62.84,51.45,0,0,61.27,0
RIDE ON THE LIGHT (HI GREAT MIX),80.72,85.7,36.15,0,0,61.12,0
Shiva,96.34,91.41,64.69,0,40.14,61.11,0
Space Time,87.04,89.99,22.76,0,0,61,0
SWEET LAB,71.8,84.28,115.75,0,0,60.99,0
GHOST REVIVAL,102.93,95.7,34.31,0,0,60.9,0
BALLAD THE FEATHERS,72.25,74.28,28.93,0,0,60.83,0
IXION,85.29,75.7,26.88,0,0,60.83,0
250bpm,83.29,88.57,89.43,0,0,60.72,0
Scripted Connection⇒ H mix,109.21,92.84,36.19,0,0,60.67,0
Air Bell,76.74,78.56,31.55,0,0,60.54,0
NEBULA GRASPER,100.72,87.14,16.54,0.86,0,60.53,0
NΦ CRIME,89.43,81.42,24.66,0,0,60.47,0
Attitude,70.49,81.41,26.22,0,0,60.41,0
妖隠し -あやかしかくし-,85.09,82.84,23.03,0,0,60.2,0
RESONATE 1794,73.12,107.89,44.81,0,0,60.19,0
Release The Music,85.38,84.28,46.6,0,0,60.16,0
SCREAM SQUAD,94.51,107.88,104.56,0,0,60.15,0
NPC World,96.1,79.99,53.34,0,0,60.06,0
Infinity Mirror,89.06,81.41,2.77,0,154.26,59.65,0
口カラ凸ゲキ,99.42,82.85,74.99,0,35.92,59.61,0
WISH(EUROBEAT MIX),89.54,69.99,25.03,0,0,59.59,0
おおきなこえで,58.94,59.99,13.09,0,0,59.48,0
N.O.,98.65,87.14,31.07,0,25.2,59.44,0
GIGANT,83.43,67.13,38.92,0,74.67,59.37,0
SOMETHING WONDERFUL,80.88,89.99,22.9,0,16.24,59.3,0
ASTRAL VOYAGE,80.51,81.42,17.51,0,0,59.12,0
Real,74.4,97.13,14.13,0,0,59.07,0
gentle stress,69.62,94.27,13.23,0,0,59,0
IN THE NAME OF LOVE,90.77,75.7,34.58,0,0,58.95,0
INFERNO,76.34,71.41,40.27,0,0,58.72,0
scar in the earth,58.05,65.71,36.98,0,0,58.67,0
dual control,90.15,78.56,36.89,23.61,0,58.56,0
花吹雪 ～ IIDX LIMITED ～,73.57,74.27,59.64,0,0,58.34,0
ミストレス・アンに花束を,65.99,61.42,16.73,0,0,58.31,0
Queen's Tragedy,91.51,85.7,27.6,0,0,58.21,0
The Smile of You,59.46,58.56,10.09,0,0,58.13,0
The Best of Both Worlds,91.08,97.13,39.99,0,102.32,58.05,0
Tomorrow Perfume,87.41,94.27,11.14,0,0,58.05,0
LOVE B.B.B,84.72,84.28,10.89,0,0,57.84,0
Music is The Answer,85.14,78.56,60.94,0,0,57.59,0
Giudecca,116.58,118.43,44.27,0,0,57.55,0
Dazzlin' Darlin-秋葉工房mix-,93.08,77.13,22.54,0,0,57.51,0
RISE,76.9,80,29.45,0,57.18,57.47,0
Buffalo,89.37,84.28,92.22,0,0,57.4,0
Holic,100.17,119.73,29.01,0,0,57.25,0
Violet Pulse,99.32,100,4.03,0,0,57.01,0
ACT,82.82,72.83,40,0,0,56.95,0
Feedback,82.81,79.99,89.01,0,0,56.37,0
WAKE UP NOW,80.2,72.84,18.54,0,0,56.28,0
蒼い衝動,72.05,75.7,37.25,0,0,56.24,0
Sephirot,93.81,97.13,18.33,0,0,56.23,0
山岡晃の「クイズ！家事都合！」,99.31,82.84,14.67,0,0,56.18,0
Colors -Y&Co. Eurobeat Remix-,84.92,75.71,15.17,0,0,55.88,0
op.31 叙情,70.75,98.56,24.65,195.27,0,55.86,836
Remedy feat. Kanae Asaba,88.49,78.57,27.14,0,0,55.82,0
Psycho Sheep Riddim,69.63,72.84,44.63,0,62.55,55.77,0
In the Blackest Den,117.74,103.93,85.65,0,0,55.54,0
ALL RIGHT,72.24,97.13,23.88,0,0,55.25,0
Beastie Starter,100,109.21,61.09,0,0,55.23,0
バンブーソード・ガール,108.21,101.31,88.15,0,0,55.1,0
Back Into The Light,92.57,77.14,4.95,0,0,55.1,0
Don't Stop The Music feat. Kanae Asaba,77.11,78.56,36.89,0,0,54.94,0
お米の美味しい炊き方、そしてお米を食べることによるその効果。,93.62,81.41,68.09,0,0,54.92,0
NEMESIS,77.57,95.71,30.79,0,0,54.88,0
starmine,74.1,71.41,55.33,0,0,54.85,0
Narcissus At Oasis,69.28,98.57,23.48,0,0,54.81,0
Snow Goose,122.59,106.57,7.2,0,0,54.78,0
Praludium,99,91.41,21.66,0,0,54.75,0
サヨナラ・ヘヴン,67.99,68.55,92.14,0,0,54.66,0
Don't let it go,81.89,81.41,39.2,0,0,54.56,0
Seaside Labyrinth,75.63,72.84,25.43,0,0,54.35,0
Macho Gang,83.85,72.85,77.37,0,0,54.25,0
グラナダの風,88.09,88.57,39.68,0,0,54.23,0
Hyper Drive feat. ぷにぷに電機,81.68,68.56,10.7,0,0,54.21,0
Get Up! feat. Kanae Asaba,81.41,74.27,26.39,0,13.77,54.2,0
OVER TIME,68.9,64.27,12.88,0,0,54.19,0
獅子霞麗ノ舞,72.04,67.13,8.99,0,84.03,54.04,0
traces,88.56,101.31,9.52,0,0,53.97,0
SAMSARA,79.38,65.7,50.49,0,0,53.56,0
泰東ノ翠霞,69.27,105.25,46.92,0,0,53.54,0
Journey,77.7,70,9.52,0,0,53.33,0
earth scape,50.46,69.99,8.55,158.73,0,53.24,644
fly through the night,72.31,75.71,25.64,0,0,53,0
SA.YO.NA.RA. SUPER STAR,73.49,92.85,35.77,89.53,1.85,52.91,0
D2R,84.02,67.14,53.55,0,0,52.9,0
Last Message,82.28,77.13,49.77,0,0,52.88,0
Love Is Eternity,92.64,90,23.31,0,0,52.59,0
Frozen Ray (original mix),76.2,74.27,9.15,0,0,52.55,0
HIGHER,61.76,57.13,23.87,0,0,52.19,0
Regulus,77.58,82.84,75.71,36.85,0,52.14,0
Secret of Love,82.22,94.27,18.21,0,0,52.05,0
ちらちら・はらはら,56.07,55.71,12.56,0,0,52.01,0
BOOM BOOM DISCO NIGHT,92.25,87.14,26.85,0,0,52,0
BAD BOY BASS!! (dj Remo-con MIX),72.21,79.99,39.97,0,0,51.64,0
Watch out!!,69.87,78.57,138.19,0,0,51.61,0
mind the gap,73.68,81.41,37.7,112.76,0,51.37,840
heaven above,71.48,77.13,14.02,0,0,51.3,0
abstract,86.53,74.27,32.83,0,0,51.13,0
Re:GENERATION,93.54,74.27,46.41,0,0,50.96,0
illuminate,93.81,77.14,48.99,0,0.45,50.83,0
The Hope of Tomorrow,77.8,106.57,7.98,0,0,50.83,0
Change the World,73.98,71.42,16.78,0,0,50.68,0
Farewell to Marrakech,89.63,101.3,15.72,0,0,50.43,0
CONTRACT,98.29,97.13,56.27,0,0,50.24,0
thunder,83.24,70,12.85,0,0,50.14,0
Votum stellarum,78.47,100,17.97,24.36,0,49.83,0
Blame,91.23,111.83,23.05,0,0,49.8,0
Wanna Party?,72.43,70,20.08,0,0,49.49,0
e-motion 2003 -romantic extra-,76,94.27,9.39,0,0,49.2,0
lights,68.54,75.7,13.16,0,0,49.18,0
Burnin' The Floor,74.55,74.28,32.38,0,0,49.13,0
Pink Rose,60.92,60,13.15,29.59,51.41,48.67,0
Fly Away To India,65.01,70,48.55,0,0,48.65,0
Really Love,71.92,77.13,112.79,0,0,48.59,0
Zenith,83.95,85.7,14.1,0,170.02,48.57,1128
Umbral,77.78,74.27,23.46,0,0,48.56,0
ALL I NEED YOUR LOVE,87.7,88.56,53.78,0,0,47.8,0
Cheer Train,78.42,72.84,63.62,0,0,47.66,0
革命,107.24,84.27,29.71,104.82,0,47.65,0
I Was The One (80's EUROBEAT STYLE),69.13,74.28,41.55,0,0,47.54,0
Selfish Sweet,75.56,68.56,41.42,0,0,47.51,0
CELEBRATE NITE,82.35,70,36.13,0,0,47.18,0
Heavenly Sun (IIDX VERSION),85.6,79.99,1.75,0,0,47.17,0
Broadbanded,80.91,101.3,25.44,0,0,47.05,0
BRAVE OUT,86.87,79.99,38.29,0,0,46.64,0
Star Trail,78,84.28,40.42,0,0,46.16,0
Burning Heat! (Full Option Mix),65.19,74.27,37.75,0,0,45.39,0
オレはビートマニア！お前は何マニア？,70.73,65.7,75.57,0,0,45.31,0
Let the Snow Paint Me,52.17,59.99,26.79,0,0,45.31,0
Forgetting Machine,82.8,81.41,19.45,0,79.47,44.98,0
19，November,73.74,64.27,48.41,0,0,44.94,0
もっと！モット！ときめき feat. 松下,106.53,97.14,83.39,0,2.49,44.6,0
neogenesis,71.04,72.84,14.37,0,0,44.58,0
Clione,64.94,77.14,13.99,0,0,44.52,0
Love Again...,45.61,55.7,11.1,0,0,44.41,0
Voltage (feat. Hidemaru),69.82,65.7,16.69,162.94,0,44.3,670
Darling my LUV,60.47,61.41,55.78,0,0,43.61,0
真夏の花・真夏の夢,62.15,71.42,13.89,0,110.35,43.24,0
World Wide Love,48.01,52.85,8.12,0,0,43.21,0
Magical,77.25,75.7,23.93,0,0,43.05,0
connective,64.74,55.7,11.71,0,0,42.72,0
CHECKING YOU OUT,67.11,68.57,134.59,84.7,0,42.44,0
That Feeling,79.49,100,35.1,0,63.58,42.14,0
four-leaf,80.57,92.85,26.39,0,0,42.13,0
avant-guerre,79.41,87.13,0,57.13,0,42,0
高高度降下低高度開傘,85.56,75.7,49.63,0,0,41.97,0
Playball,52.83,58.56,5.54,0,0,41.97,0
LOVE AGAIN TONIGHT～for Mellisa mix～,56.81,52.84,29.51,0,0,41.91,0
BALLAD FOR YOU～想いの雨～,50.71,51.41,8.24,0,0,41.7,0
HYPER BOUNDARY GATE,89.86,74.27,8.2,0,0,41.64,0
Freezing atmosphere,66.26,75.7,30.51,0,0,41.38,0
VR - Virtual Reality (prod.by Snail's House),78.59,71.41,22.44,0,0,41.15,0
CALL,58.92,64.27,9.92,0,0,40.54,0
DUE TOMORROW,103.16,123.68,38.51,24.53,0,39.81,0
真夜中のバべル,74.85,72.85,34.81,0,53.12,39.61,0
AVE DE RAPINA,76.91,85.7,49.8,0,0,39.42,0
empathy,66.16,75.71,6.46,79.79,0,39.29,0
with you…,70.18,64.27,5.72,0,0,39.03,0
少女アリスと箱庭幻想コンチェルト,90.13,90,7.78,0,157.34,38.64,0
100％ minimoo-G,74.95,92.85,74.38,0,0,38.61,0
Free Style,65.09,58.56,42.84,0,0,38.6,0
fairy cocktail,67.7,60,17.26,0,49.89,38.44,0
mnemoniq,61,62.84,14.85,0,0,38.41,0
Spin the disc,70.16,70,77.36,0,0,37.53,0
2hot2eat,74.92,106.57,26.18,111.81,0,37.5,0
Illegal Function Call,110.8,107.88,34.63,0,0,37.5,0
elemental bender feat. Kanae Asaba,66.97,62.84,37.8,0,0,37.28,0
Miami Sunset Drive,63.45,71.41,9.87,0,127.24,37.26,0
MUSIC TO YOUR HEAD,69.38,72.84,24.4,0,0,37.12,0
MOON RACE,80.93,81.42,16.01,0,0,36.98,0
in my eyes,70.11,67.13,32.64,0,0,36.16,0
minimalian,74.61,78.57,26.95,0,0,35.41,0
Keep it-秋葉工房mix-,80.84,81.41,33.13,0,0,35.06,0
Hitch Hiker2,60.5,64.28,41.09,0,0,34.78,0
こっちを向いてよ,61.26,62.84,10.14,0,0,34.42,0
pandora,75.03,84.28,22.89,0,0,33.95,0
sometime,54.52,77.14,25.99,0,0,33.77,0
THE SHINING POLARIS,68.53,62.85,11.86,0,0,33.5,0
in motion,64.22,64.27,24.06,0,0,32.14,0
RUGGED ASH,66.94,69.99,57.89,0,0,31.72,0
Radical Faith,62.09,65.7,50.04,0,0,31.33,0
awakening,67.43,84.27,10.2,0,0,31.28,0
GENOM SCREAMS,65.67,91.41,13.38,0,0,30.5,0
Glorious Days,37.59,54.27,56.2,58.36,0,29.01,0
Electro Tuned(the SubS mix),54.72,69.99,14.09,0,0,28.88,0
Skyscraper,64.2,69.99,36.43,0,0,28.66,0
Happy Wedding,73.85,71.42,24.03,0,0,27.21,0
Jam&Marmalade,67.39,72.85,54.65,0,0,26.08,0
Don't Stop!,40.42,42.84,11.04,0,0,25.57,0
Indigo Vision(full flavour hide around mix),62,79.99,25.61,0,0,25.21,0
ATOMIC AGE,66.79,89.99,22.92,0,101.23,24.44,0
PARANOIA MAX～DIRTY MIX～,57.05,57.14,36.23,0,0,23.08,0
Golden Horn,65.6,75.7,15.65,0,0,20.04,0
foreplay,80.85,65.7,25.83,0,0,18.95,0
Digital MinD(A/T Libra mix),54.96,61.41,33.53,0,0,17.8,0
R3,53.87,55.7,25.06,0,0,15.29,0
SP-TRIP MACHINE(for beatmania II),37.04,54.28,15.82,0,0,15.21,0
THE EARTH LIGHT,61.45,57.13,9.23,0,0,12.78,0
era (step mix),77.51,74.27,16.13,100.68,0,12.7,875
22DUNK,43.7,54.27,23.22,0,0,12.46,0
era (nostalmix),73.15,71.41,6.09,109.31,0,11.04,786
GRADIUSIC CYBER,58.12,54.27,15.98,31.02,0,10.8,0
quick master (reform version),28.83,47.13,29.44,0,0,9.23,0
0.59,55.37,54.27,7.59,14.55,0,8.79,0
Presto,52.74,59.99,3.76,0,0,8.79,0
desolation,31.09,35.7,24.05,0,0,7.96,0
deep in you,40.81,47.14,27.67,0,0,7.3,0
LEADING CYBER,63.22,55.7,27.13,0,0,6.69,0
I Was The One,35.52,57.13,7.43,0,0,5.79,0
REINCARNATION,52.52,58.56,15.46,0,0,5.5,0
Dr.LOVE,28.42,40,10.7,0,0,2.79,0
THE CUBE,60.52,51.41,0,0,0,0.78,0
